,年度,大会,節,試合日,K/O時刻,ホーム,スコア,アウェイ,スタジアム,入場者数,インターネット中継・TV放送,match_card_id
0,2008,ゼロックススーパーカップ,,03/01(土),13:35,鹿島,2-2(PK3-4),広島,国立,27245,日本テレビ系列にて全国生中継／ＣＳ日テレＧ＋で録画放送,11550
1,2008,Ｊ１,第１節第１日,03/08(土),13:02,Ｇ大阪,0-0,千葉,万博,18093,スカパー！（パーフェクト　チョイス）／ｅ２（スカチャン！ＨＶ）,10803
2,2008,Ｊ１,第１節第１日,03/08(土),14:04,Ｆ東京,1-1,神戸,味スタ,24390,スカパー！（パーフェクト　チョイス）／ｅ２（スカチャン！）／ＴＯＫＹＯ　ＭＸ,10804
3,2008,Ｊ１,第１節第１日,03/08(土),14:04,名古屋,1-1,京都,豊田ス,26102,スカパー！（パーフェクト　チョイス）／ｅ２（スカチャン！）／ＢＳ／ＮＨＫ名古屋,10806
4,2008,Ｊ１,第１節第１日,03/08(土),14:05,横浜FM,1-0,浦和,日産ス,61246,スカパー！・ｅ２（ＴＢＳチャンネル）／ＴＢＳ（単）,10805
5,2008,Ｊ１,第１節第１日,03/08(土),15:04,清水,1-2,大分,日本平,19054,スカパー！・ｅ２（Ｊ　ｓｐｏｒｔｓ　Ｐｌｕｓ）／静岡放送,10807
6,2008,Ｊ１,第１節第１日,03/08(土),16:03,鹿島,4-0,札幌,カシマ,28152,スカパー！（パーフェクト　チョイス）／ｅ２（スカチャン！ＨＶ）,10808
7,2008,Ｊ２,第１節第１日,03/08(土),13:03,湘南,1-0,仙台,平塚,8724,スカパー！（パーフェクト　チョイス）／ｅ２（スカチャン！）,11109
8,2008,Ｊ２,第１節第１日,03/08(土),14:04,愛媛,2-1,熊本,ニンスタ,5122,スカパー！（パーフェクト　チョイス）／ｅ２（スカチャン！）（録）／ＮＨＫ松山,11110
9,2008,Ｊ２,第１節第１日,03/08(土),14:05,鳥栖,1-0,山形,ベアスタ,7057,スカパー！（パーフェクト　チョイス）／ｅ２（スカチャン！）（録）／ＮＨＫ佐賀／ＮＨＫ山形,11111
10,2008,Ｊ１,第１節第２日,03/09(日),14:04,柏,2-0,磐田,柏,11210,スカパー！・ｅ２（ＴＢＳチャンネル）／ＢＳ－ｉ,10809
11,2008,Ｊ１,第１節第２日,03/09(日),14:04,川崎Ｆ,1-1,東京Ｖ,等々力,21020,スカパー！（パーフェクト　チョイス）／ｅ２（スカチャン！）／ＮＨＫ総合,10810
12,2008,Ｊ１,第１節第２日,03/09(日),16:00,大宮,2-0,新潟,ＮＡＣＫ,12505,スカパー！（パーフェクト　チョイス）／ｅ２（スカチャン！）／テレ玉（録）,10811
13,2008,Ｊ２,第１節第２日,03/09(日),13:04,草津,0-2,広島,群馬陸,6974,スカパー！（パーフェクト　チョイス）／ｅ２（スカチャン！）／群馬テレビ,11113
14,2008,Ｊ２,第１節第２日,03/09(日),13:05,水戸,0-2,Ｃ大阪,笠松,5437,スカパー！（パーフェクト　チョイス）／ｅ２（スカチャン！）（録）／ＮＨＫ水戸＊,11112
15,2008,Ｊ２,第１節第２日,03/09(日),14:03,甲府,1-1,岐阜,小瀬,13211,スカパー！（パーフェクト　チョイス）／ｅ２（スカチャン！）／ＮＨＫ甲府／ＮＨＫ岐阜（東海３県）,11114
16,2008,Ｊ２,第１節第２日,03/09(日),14:06,徳島,0-2,横浜FC,鳴門大塚,6150,スカパー！（パーフェクト　チョイス）／ｅ２（スカチャン！）／ＮＨＫ徳島,11115
17,2008,サテライトリーグ Ａグループ,第１日,03/09(日),15:02,千葉,2-0,湘南,姉崎,308,,
18,2008,サテライトリーグ Ｃグループ,第１日,03/09(日),14:00,Ｆ東京,1-0,浦和,夢の島,1629,,
19,2008,サテライトリーグ Ｅグループ,第１日,03/09(日),14:00,京都,1-1,神戸,東城陽Ｇ,241,,
20,2008,Ｊ１,第２節第１日,03/15(土),13:05,大分,2-0,柏,九石ド,18263,スカパー！（パーフェクト　チョイス）／ｅ２（スカチャン！）,10812
21,2008,Ｊ１,第２節第１日,03/15(土),14:04,浦和,0-2,名古屋,埼玉,54482,スカパー！（パーフェクト　チョイス）／ｅ２（スカチャン！）／ＮＨＫ総合,10813
22,2008,Ｊ１,第２節第１日,03/15(土),15:00,神戸,4-1,川崎Ｆ,ホムスタ,16066,スカパー！・ｅ２（Ｊ　ｓｐｏｒｔｓ　Ｐｌｕｓ）,10815
23,2008,Ｊ１,第２節第１日,03/15(土),15:04,磐田,3-0,Ｇ大阪,エコパ,25560,スカパー！（パーフェクト　チョイス）／ｅ２（スカチャン！）／ＢＳ／静岡放送,10814
24,2008,Ｊ１,第２節第１日,03/15(土),16:03,新潟,2-3,Ｆ東京,東北電ス,35083,スカパー！（パーフェクト　チョイス）／ｅ２（スカチャン！）,10817
25,2008,Ｊ１,第２節第１日,03/15(土),16:05,札幌,1-2,横浜FM,札幌ド,25225,スカパー！（パーフェクト　チョイス）／ｅ２（スカチャン！ＨＶ）／北海道放送,10816
26,2008,Ｊ１,第２節第１日,03/15(土),17:03,千葉,1-2,清水,フクアリ,14566,スカパー！（パーフェクト　チョイス）／ｅ２（スカチャン！）,10818
27,2008,Ｊ２,第２節第１日,03/15(土),13:04,Ｃ大阪,1-3,山形,長居,6937,スカパー！（パーフェクト　チョイス）／ｅ２（スカチャン！）,11116
28,2008,Ｊ２,第２節第１日,03/15(土),15:03,熊本,2-1,草津,熊本,5960,スカパー！（パーフェクト　チョイス）／ｅ２（スカチャン！）（録）／熊本放送,11117
29,2008,Ｊ１,第２節第２日,03/16(日),13:34,京都,2-1,大宮,西京極,14982,スカパー！・ｅ２（ＴＢＳチャンネル）／ＢＳ－ｉ／ＫＢＳ京都（録）,10819
30,2008,Ｊ１,第２節第２日,03/16(日),16:03,東京Ｖ,0-2,鹿島,味スタ,18934,スカパー！（パーフェクト　チョイス）／ｅ２（スカチャン！ＨＶ）／日本テレビ（録）,10820
31,2008,Ｊ２,第２節第２日,03/16(日),13:03,岐阜,0-1,仙台,長良川,5023,スカパー！（パーフェクト　チョイス）／ｅ２（スカチャン！）／岐阜放送,11118
32,2008,Ｊ２,第２節第２日,03/16(日),13:04,福岡,2-1,水戸,レベスタ,15157,スカパー！（パーフェクト　チョイス）／ｅ２（スカチャン！）,11119
33,2008,Ｊ２,第２節第２日,03/16(日),14:03,甲府,0-0,徳島,小瀬,9687,スカパー！（パーフェクト　チョイス）／ｅ２（スカチャン！）（録）／山梨放送,11120
34,2008,Ｊ２,第２節第２日,03/16(日),14:04,広島,3-0,愛媛,広島ビ,17250,スカパー！（パーフェクト　チョイス）／ｅ２（スカチャン！）／ＮＨＫ広島,11121
35,2008,Ｊ２,第２節第２日,03/16(日),16:04,横浜FC,3-2,湘南,ニッパ球,6287,スカパー！（パーフェクト　チョイス）／ｅ２（スカチャン！）,11122
36,2008,ＹＮＣ 予選Ａグループ,第１節,03/20(木・祝),14:00,名古屋,0-1,京都,瑞穂陸,5410,,10734
37,2008,ＹＮＣ 予選Ａグループ,第１節,03/20(木・祝),16:00,浦和,0-1,神戸,埼玉,33392,フジテレビ７３９／テレ玉（録）,10735
38,2008,ＹＮＣ 予選Ｂグループ,第１節,03/20(木・祝),15:00,東京Ｖ,0-2,磐田,味スタ,5660,,10746
39,2008,ＹＮＣ 予選Ｂグループ,第１節,03/20(木・祝),15:00,清水,3-1,Ｆ東京,日本平,10035,,10747
40,2008,ＹＮＣ 予選Ｃグループ,第１節,03/20(木・祝),13:00,川崎Ｆ,0-2,千葉,等々力,9079,フジテレビ７３９,10758
41,2008,ＹＮＣ 予選Ｃグループ,第１節,03/20(木・祝),16:02,柏,1-1,札幌,柏の葉,4838,,10759
42,2008,ＹＮＣ 予選Ｄグループ,第１節,03/20(木・祝),15:00,横浜FM,1-0,大分,ニッパ球,6179,,10770
43,2008,ＹＮＣ 予選Ｄグループ,第１節,03/20(木・祝),16:00,新潟,2-2,大宮,東北電ス,22578,,10771
44,2008,Ｊ２,第３節第１日,03/20(木・祝),13:04,山形,3-5,岐阜,ＮＤスタ,5430,スカパー！（パーフェクト　チョイス）／ｅ２（スカチャン！）,11124
45,2008,Ｊ２,第３節第１日,03/20(木・祝),13:04,草津,0-0,横浜FC,群馬陸,2868,スカパー！（パーフェクト　チョイス）／ｅ２（スカチャン！）（録）／群馬テレビ,11125
46,2008,Ｊ２,第３節第１日,03/20(木・祝),13:05,鳥栖,1-0,Ｃ大阪,ベアスタ,7839,スカパー！（パーフェクト　チョイス）／ｅ２（スカチャン！）,11126
47,2008,Ｊ２,第３節第１日,03/20(木・祝),13:06,仙台,1-0,福岡,ユアスタ,15626,スカパー！（パーフェクト　チョイス）／ｅ２（スカチャン！）／ＮＨＫ仙台,11123
48,2008,Ｊ２,第３節第１日,03/20(木・祝),16:03,湘南,0-2,広島,平塚,4027,スカパー！（パーフェクト　チョイス）／ｅ２（スカチャン！）,11128
49,2008,Ｊ２,第３節第１日,03/20(木・祝),16:04,水戸,1-0,甲府,笠松,1506,スカパー！（パーフェクト　チョイス）／ｅ２（スカチャン！）,11127
50,2008,Ｊ２,第３節第１日,03/20(木・祝),16:04,徳島,0-3,愛媛,鳴門大塚,3564,スカパー！（パーフェクト　チョイス）／ｅ２（スカチャン！）,11129
51,2008,ＹＮＣ 予選Ａグループ,第２節,03/23(日),15:00,神戸,0-1,名古屋,ホムスタ,6051,,10736
52,2008,ＹＮＣ 予選Ａグループ,第２節,03/23(日),17:00,京都,3-3,浦和,西京極,13332,フジテレビ７３９,10737
53,2008,ＹＮＣ 予選Ｂグループ,第２節,03/23(日),14:00,磐田,0-2,Ｆ東京,ヤマハ,10543,,10748
54,2008,ＹＮＣ 予選Ｂグループ,第２節,03/23(日),15:00,東京Ｖ,0-0,清水,味スタ,7154,,10749
55,2008,ＹＮＣ 予選Ｃグループ,第２節,03/23(日),13:01,札幌,2-1,川崎Ｆ,室蘭,5387,,10760
56,2008,ＹＮＣ 予選Ｃグループ,第２節,03/23(日),16:00,千葉,1-1,柏,フクアリ,10856,,10761
57,2008,ＹＮＣ 予選Ｄグループ,第２節,03/23(日),14:00,大宮,0-0,横浜FM,ＮＡＣＫ,9174,フジテレビ７３９,10772
58,2008,ＹＮＣ 予選Ｄグループ,第２節,03/23(日),14:05,大分,3-0,新潟,九石ド,10774,テレビ大分,10773
59,2008,Ｊ２,第４節第１日,03/23(日),13:03,横浜FC,0-0,鳥栖,ニッパ球,3728,スカパー！（パーフェクト　チョイス）／ｅ２（スカチャン！）,11130
60,2008,Ｊ２,第４節第１日,03/23(日),13:03,熊本,0-2,湘南,熊本,3046,スカパー！（パーフェクト　チョイス）／ｅ２（スカチャン！）,11132
61,2008,Ｊ２,第４節第１日,03/23(日),13:04,Ｃ大阪,2-1,仙台,長居,6069,スカパー！（パーフェクト　チョイス）／ｅ２（スカチャン！）,11131
62,2008,Ｊ２,第４節第１日,03/23(日),14:04,愛媛,1-2,草津,ニンスタ,2342,スカパー！（パーフェクト　チョイス）／ｅ２（スカチャン！）（録）／あいテレビ,11133
63,2008,Ｊ２,第４節第１日,03/23(日),16:03,甲府,2-2,福岡,小瀬,9185,スカパー！（パーフェクト　チョイス）／ｅ２（スカチャン！）,11134
64,2008,Ｊ２,第４節第１日,03/23(日),16:04,広島,2-2,水戸,広島ビ,6677,スカパー！（パーフェクト　チョイス）／ｅ２（スカチャン！）,11135
65,2008,Ｊ２,第４節第１日,03/23(日),18:03,岐阜,2-1,徳島,長良川,2028,スカパー！（パーフェクト　チョイス）／ｅ２（スカチャン！）／名古屋テレビ（録）,11136
66,2008,サテライトリーグ Ｅグループ,第２日,03/24(月),14:01,Ｇ大阪,1-0,Ｃ大阪,ガンバＧ,350,,
67,2008,サテライトリーグ Ｆグループ,第１日,03/24(月),14:01,熊本,2-0,大分,水前寺,300,,
68,2008,Ｊ２,第５節第１日,03/29(土),13:04,仙台,1-0,草津,ユアスタ,12167,スカパー！（パーフェクト　チョイス）／ｅ２（スカチャン！）,11137
69,2008,Ｊ２,第５節第１日,03/29(土),13:04,山形,0-0,甲府,ＮＤスタ,3164,スカパー！（パーフェクト　チョイス）／ｅ２（スカチャン！）,11138
70,2008,Ｊ２,第５節第１日,03/29(土),13:04,水戸,2-2,横浜FC,笠松,5024,スカパー！（パーフェクト　チョイス）／ｅ２（スカチャン！）,11139
71,2008,Ｊ２,第５節第１日,03/29(土),16:03,湘南,2-3,徳島,平塚,4474,スカパー！（パーフェクト　チョイス）／ｅ２（スカチャン！）,11140
72,2008,Ｊ２,第５節第１日,03/29(土),16:03,Ｃ大阪,1-0,岐阜,長居,5617,スカパー！（パーフェクト　チョイス）／ｅ２（スカチャン！）,11141
73,2008,Ｊ１,第３節第１日,03/30(日),13:03,Ｇ大阪,2-1,東京Ｖ,万博,13693,スカパー！（パーフェクト　チョイス）／ｅ２（スカチャン！ＨＶ）,10822
74,2008,Ｊ１,第３節第１日,03/30(日),13:04,清水,0-0,大宮,日本平,13855,スカパー！（パーフェクト　チョイス）／ｅ２（スカチャン！）／テレビ静岡,10821
75,2008,Ｊ１,第３節第１日,03/30(日),14:04,Ｆ東京,3-3,京都,味スタ,19233,スカパー！（パーフェクト　チョイス）／ｅ２（スカチャン！）／ＴＯＫＹＯ　ＭＸ,10823
76,2008,Ｊ１,第３節第１日,03/30(日),15:05,川崎Ｆ,2-0,千葉,等々力,17658,スカパー！・ｅ２（ＴＢＳチャンネル）／ＢＳ－ｉ,10824
77,2008,Ｊ１,第３節第１日,03/30(日),16:01,柏,1-2,札幌,柏,10048,スカパー！・ｅ２（Ｊ　ｓｐｏｒｔｓ　Ｐｌｕｓ）／千葉テレビ（録）,10827
78,2008,Ｊ１,第３節第１日,03/30(日),16:03,浦和,3-0,新潟,埼玉,46962,スカパー！（パーフェクト　チョイス）／ｅ２（スカチャン！）／テレ玉（録）,10826
79,2008,Ｊ１,第３節第１日,03/30(日),16:04,鹿島,2-1,横浜FM,カシマ,22901,スカパー！（パーフェクト　チョイス）／ｅ２（スカチャン！）／ＢＳ,10825
80,2008,Ｊ１,第３節第１日,03/30(日),19:03,名古屋,2-1,大分,瑞穂陸,8764,スカパー！（パーフェクト　チョイス）／ｅ２（スカチャン！）／名古屋テレビ（録）,10828
81,2008,Ｊ１,第３節第１日,03/30(日),19:03,神戸,3-2,磐田,ホムスタ,10043,スカパー！（パーフェクト　チョイス）／ｅ２（スカチャン！）,10829
82,2008,Ｊ２,第５節第２日,03/30(日),13:03,福岡,2-0,愛媛,レベスタ,9096,スカパー！（パーフェクト　チョイス）／ｅ２（スカチャン！）,11142
83,2008,Ｊ２,第５節第２日,03/30(日),13:03,鳥栖,1-1,熊本,ベアスタ,6201,スカパー！（パーフェクト　チョイス）／ｅ２（スカチャン！）（録）,11143
84,2008,サテライトリーグ Ｂグループ,第１日,03/30(日),14:00,仙台,0-2,山形,ユアスタ,2800,,
85,2008,Ｊ１,第４節第１日,04/02(水),19:01,大分,1-2,Ｇ大阪,九石ド,17651,スカパー！・ｅ２（Ｊ　ｓｐｏｒｔｓ　Ｐｌｕｓ）,10838
86,2008,Ｊ１,第４節第１日,04/02(水),19:03,札幌,0-2,川崎Ｆ,札幌ド,14377,スカパー！（パーフェクト　チョイス）／ｅ２（スカチャン！）,10830
87,2008,Ｊ１,第４節第１日,04/02(水),19:03,千葉,1-1,神戸,フクアリ,8694,スカパー！（パーフェクト　チョイス）／ｅ２（スカチャン！）,10832
88,2008,Ｊ１,第４節第１日,04/02(水),19:03,東京Ｖ,1-2,磐田,国立,9087,スカパー！（パーフェクト　チョイス）／ｅ２（スカチャン！）／日本テレビ（録）,10833
89,2008,Ｊ１,第４節第１日,04/02(水),19:03,清水,1-2,浦和,日本平,15223,スカパー！（パーフェクト　チョイス）／ｅ２（スカチャン！ＨＶ）,10836
90,2008,Ｊ１,第４節第１日,04/02(水),19:04,大宮,1-2,名古屋,ＮＡＣＫ,7591,スカパー！（パーフェクト　チョイス）／ｅ２（スカチャン！）／テレ玉／Ｊ　ＳＰＯＲＴＳ２,10831
91,2008,Ｊ１,第４節第１日,04/02(水),19:04,新潟,0-2,鹿島,東北電ス,22740,スカパー！（パーフェクト　チョイス）／ｅ２（スカチャン！）／ＢＳ,10835
92,2008,Ｊ１,第４節第１日,04/02(水),19:04,京都,0-1,柏,西京極,8192,スカパー！（パーフェクト　チョイス）／ｅ２（サムライ）／ＫＢＳ京都,10837
93,2008,Ｊ１,第４節第１日,04/02(水),19:05,横浜FM,3-0,Ｆ東京,ニッパ球,11670,スカパー！・ｅ２（ＴＢＳチャンネル）／ＢＳ－ｉ,10834
94,2008,Ｊ１,第５節第１日,04/05(土),13:00,大宮,2-0,大分,ＮＡＣＫ,6450,スカパー！（パーフェクト　チョイス）／ｅ２（スカチャン！）,10839
95,2008,Ｊ１,第５節第１日,04/05(土),13:04,磐田,1-2,浦和,エコパ,27866,スカパー！（パーフェクト　チョイス）／ｅ２（スカチャン！ＨＶ）／静岡放送,10840
96,2008,Ｊ１,第５節第１日,04/05(土),14:04,鹿島,4-1,千葉,カシマ,17257,スカパー！・ｅ２（ＴＢＳチャンネル）／ＢＳ－ｉ,10841
97,2008,Ｊ１,第５節第１日,04/05(土),14:04,Ｆ東京,1-0,札幌,味スタ,20180,スカパー！（パーフェクト　チョイス）／ｅ２（スカチャン！）／ＢＳ／ＴＯＫＹＯ　ＭＸ,10842
98,2008,Ｊ１,第５節第１日,04/05(土),16:03,名古屋,2-0,横浜FM,豊田ス,19193,スカパー！（パーフェクト　チョイス）／ｅ２（スカチャン！）／名古屋テレビ（録）,10843
99,2008,Ｊ１,第５節第１日,04/05(土),16:03,Ｇ大阪,2-0,清水,万博,16219,スカパー！（パーフェクト　チョイス）／ｅ２（スカチャン！ＨＶ）,10844
100,2008,Ｊ１,第５節第１日,04/05(土),17:03,川崎Ｆ,0-1,京都,等々力,14753,スカパー！（パーフェクト　チョイス）／ｅ２（スカチャン！）,10845
101,2008,Ｊ２,第６節第１日,04/05(土),13:04,草津,1-2,湘南,群馬陸,4751,スカパー！（パーフェクト　チョイス）／ｅ２（スカチャン！）／群馬テレビ（録）,11144
102,2008,Ｊ２,第６節第１日,04/05(土),13:04,愛媛,1-2,鳥栖,ニンスタ,2617,スカパー！（パーフェクト　チョイス）／ｅ２（スカチャン！）（録）,11145
103,2008,Ｊ１,第５節第２日,04/06(日),16:00,柏,0-0,新潟,柏,9585,スカパー！（パーフェクト　チョイス）／ｅ２（スカチャン！）／千葉テレビ（録）,10846
104,2008,Ｊ１,第５節第２日,04/06(日),16:03,神戸,0-1,東京Ｖ,ホムスタ,8150,スカパー！（パーフェクト　チョイス）／ｅ２（スカチャン！）／ＮＨＫ神戸,10847
105,2008,Ｊ２,第６節第２日,04/06(日),13:03,横浜FC,1-1,仙台,ニッパ球,6465,スカパー！（パーフェクト　チョイス）／ｅ２（スカチャン！）,11146
106,2008,Ｊ２,第６節第２日,04/06(日),13:03,熊本,1-2,山形,熊本,3515,スカパー！（パーフェクト　チョイス）／ｅ２（スカチャン！）（録）,11148
107,2008,Ｊ２,第６節第２日,04/06(日),13:04,徳島,3-1,福岡,鳴門大塚,2722,スカパー！（パーフェクト　チョイス）／ｅ２（スカチャン！）,11147
108,2008,Ｊ２,第６節第２日,04/06(日),14:03,甲府,3-2,Ｃ大阪,小瀬,10389,スカパー！（パーフェクト　チョイス）／ｅ２（スカチャン！）／ＮＨＫ甲府,11149
109,2008,Ｊ２,第６節第２日,04/06(日),16:03,岐阜,1-1,広島,長良川,5471,スカパー！（パーフェクト　チョイス）／ｅ２（スカチャン！）／岐阜放送,11150
110,2008,サテライトリーグ Ｃグループ,第２日,04/06(日),14:01,草津,2-2,鹿島,群馬サ,1200,,
111,2008,サテライトリーグ Ｃグループ,第２日,04/06(日),14:30,水戸,3-1,浦和,水戸サ,721,,
112,2008,サテライトリーグ Ｄグループ,第１日,04/06(日),14:00,磐田,3-1,川崎Ｆ,ヤマハ,1034,,
113,2008,サテライトリーグ Ｆグループ,第２日,04/06(日),14:01,大分,1-3,愛媛,大分スＡ,813,,
114,2008,サテライトリーグ Ｆグループ,第３日,04/07(月),14:00,広島,5-2,熊本,吉田,63,,
115,2008,Ｊ１,第６節第１日,04/12(土),13:34,札幌,2-1,磐田,札幌ド,15240,スカパー！（パーフェクト　チョイス）／ｅ２（スカチャン！）／北海道文化放送,10848
116,2008,Ｊ１,第６節第１日,04/12(土),14:03,清水,0-2,名古屋,日本平,14167,スカパー！・ｅ２（Ｊ　ｓｐｏｒｔｓ　Ｐｌｕｓ）／ＮＨＫ静岡／ＮＨＫ名古屋,10850
117,2008,Ｊ１,第６節第１日,04/12(土),14:05,横浜FM,2-0,柏,日産ス,20026,スカパー！・ｅ２（ＴＢＳチャンネル）／ＢＳ－ｉ,10849
118,2008,Ｊ１,第６節第１日,04/12(土),16:03,千葉,2-4,大宮,フクアリ,11091,スカパー！（パーフェクト　チョイス）／ｅ２（スカチャン！）,10851
119,2008,Ｊ１,第６節第１日,04/12(土),17:03,東京Ｖ,1-2,Ｆ東京,味スタ,22503,スカパー！（パーフェクト　チョイス）／ｅ２（スカチャン！ＨＶ）／日本テレビ（録）,10852
120,2008,Ｊ１,第６節第１日,04/12(土),19:05,大分,0-0,川崎Ｆ,九石ド,16977,スカパー！（パーフェクト　チョイス）／ｅ２（スカチャン！）／ＢＳ,10853
121,2008,Ｊ２,第７節第１日,04/12(土),13:03,福岡,1-5,岐阜,レベスタ,7854,スカパー！（パーフェクト　チョイス）／ｅ２（スカチャン！）,11152
122,2008,Ｊ２,第７節第１日,04/12(土),13:04,山形,1-0,横浜FC,ＮＤスタ,3832,スカパー！（パーフェクト　チョイス）／ｅ２（スカチャン！）,11151
123,2008,Ｊ２,第７節第１日,04/12(土),13:34,仙台,1-1,徳島,ユアスタ,11013,スカパー！（パーフェクト　チョイス）／ｅ２（スカチャン！）／ミヤギテレビ,11153
124,2008,Ｊ１,第６節第２日,04/13(日),13:04,京都,2-1,神戸,西京極,14109,スカパー！（パーフェクト　チョイス）／ｅ２（スカチャン！）／ＫＢＳ京都（録）,10854
125,2008,Ｊ１,第６節第２日,04/13(日),16:03,Ｇ大阪,2-2,新潟,万博,13321,スカパー！（パーフェクト　チョイス）／ｅ２（スカチャン！）,10856
126,2008,Ｊ１,第６節第２日,04/13(日),16:04,浦和,2-0,鹿島,埼玉,54450,スカパー！（パーフェクト　チョイス）／ｅ２（スカチャン！ＨＶ）／テレ玉（録）,10855
127,2008,Ｊ２,第７節第２日,04/13(日),13:04,鳥栖,1-1,草津,ベアスタ,4797,スカパー！（パーフェクト　チョイス）／ｅ２（スカチャン！）,11155
128,2008,Ｊ２,第７節第２日,04/13(日),13:05,水戸,2-2,熊本,笠松,1464,スカパー！（パーフェクト　チョイス）／ｅ２（スカチャン！）／ＮＨＫ水戸＊,11154
129,2008,Ｊ２,第７節第２日,04/13(日),16:03,湘南,1-0,甲府,平塚,5652,スカパー！（パーフェクト　チョイス）／ｅ２（スカチャン！）,11156
130,2008,Ｊ２,第７節第２日,04/13(日),16:04,広島,4-1,Ｃ大阪,広島ビ,8415,スカパー！（パーフェクト　チョイス）／ｅ２（スカチャン！）,11157
131,2008,サテライトリーグ Ｂグループ,第２日,04/13(日),14:00,山形,0-0,仙台,ＮＤスタ,1923,,
132,2008,サテライトリーグ Ｅグループ,第３日,04/14(月),14:00,京都,0-1,Ｇ大阪,東城陽Ｇ,130,,
133,2008,サテライトリーグ Ｆグループ,第４日,04/14(月),14:00,鳥栖,0-2,熊本,小郡,200,,
134,2008,ＹＮＣ 予選Ａグループ,第３節,04/16(水),19:00,浦和,1-1,京都,駒場,15973,フジテレビ７２１／フジテレビ７３９【＋ＣＳＨＤ】（録）／テレ玉,10738
135,2008,ＹＮＣ 予選Ａグループ,第３節,04/16(水),19:00,名古屋,2-0,神戸,瑞穂陸,4154,東海テレビ（録）／フジテレビ７３９【＋ＣＳＨＤ】（録）,10739
136,2008,ＹＮＣ 予選Ｂグループ,第３節,04/16(水),19:00,清水,5-0,東京Ｖ,日本平,8213,,10750
137,2008,ＹＮＣ 予選Ｂグループ,第３節,04/16(水),19:34,Ｆ東京,1-1,磐田,味スタ,11448,ＴＯＫＹＯ　ＭＸ／フジテレビ７３９【＋ＣＳＨＤ】（録）,10751
138,2008,ＹＮＣ 予選Ｃグループ,第３節,04/16(水),19:00,千葉,0-0,札幌,フクアリ,7495,,10762
139,2008,ＹＮＣ 予選Ｃグループ,第３節,04/16(水),19:00,川崎Ｆ,3-0,柏,等々力,9248,,10763
140,2008,ＹＮＣ 予選Ｄグループ,第３節,04/16(水),19:00,横浜FM,4-0,大宮,ニッパ球,6437,,10774
141,2008,ＹＮＣ 予選Ｄグループ,第３節,04/16(水),19:00,新潟,1-1,大分,東北電ス,16159,,10775
142,2008,Ｊ１,第７節第１日,04/19(土),13:03,名古屋,3-2,千葉,瑞穂陸,12214,スカパー！（パーフェクト　チョイス）／ｅ２（スカチャン！）,10857
143,2008,Ｊ１,第７節第１日,04/19(土),16:00,新潟,1-0,京都,東北電ス,27115,スカパー！・ｅ２（Ｊ　ｓｐｏｒｔｓ　Ｐｌｕｓ）／ＮＨＫ新潟／ＮＨＫ京都,10860
144,2008,Ｊ１,第７節第１日,04/19(土),16:04,鹿島,0-0,Ｇ大阪,カシマ,17292,スカパー！（パーフェクト　チョイス）／ｅ２（スカチャン！）／ＮＨＫ総合,10858
145,2008,Ｊ１,第７節第１日,04/19(土),16:04,Ｆ東京,4-2,川崎Ｆ,味スタ,22283,スカパー！（パーフェクト　チョイス）／ｅ２（スカチャン！ＨＶ）／ＴＯＫＹＯ　ＭＸ（録）,10859
146,2008,Ｊ１,第７節第１日,04/19(土),16:05,神戸,1-1,札幌,ホムスタ,11126,スカパー！・ｅ２（ＴＢＳチャンネル）／ＢＳ－ｉ,10861
147,2008,Ｊ１,第７節第１日,04/19(土),19:02,柏,5-1,東京Ｖ,柏,8525,スカパー！（パーフェクト　チョイス）／ｅ２（スカチャン！ＨＶ）,10862
148,2008,Ｊ１,第７節第１日,04/19(土),19:04,横浜FM,1-1,清水,日産ス,19763,スカパー！（パーフェクト　チョイス）／ｅ２（スカチャン！）／ＢＳ,10863
149,2008,Ｊ２,第８節第１日,04/19(土),14:03,岐阜,2-3,横浜FC,長良川,6269,スカパー！（パーフェクト　チョイス）／ｅ２（スカチャン！）／ＮＨＫ岐阜,11158
150,2008,Ｊ２,第８節第１日,04/19(土),14:04,愛媛,1-1,仙台,ニンスタ,3271,スカパー！（パーフェクト　チョイス）／ｅ２（スカチャン！）／ＮＨＫ松山,11159
151,2008,Ｊ１,第７節第２日,04/20(日),14:01,浦和,0-0,大宮,埼玉,50997,スカパー！・ｅ２（ＴＢＳチャンネル）／ＴＢＳ（単）／テレ玉（録）,10864
152,2008,Ｊ１,第７節第２日,04/20(日),14:04,磐田,1-1,大分,ヤマハ,11229,スカパー！（パーフェクト　チョイス）／ｅ２（スカチャン！）／静岡放送,10865
153,2008,Ｊ２,第８節第２日,04/20(日),13:04,草津,1-1,山形,正田スタ,3903,スカパー！（パーフェクト　チョイス）／ｅ２（スカチャン！）／群馬テレビ（録）,11160
154,2008,Ｊ２,第８節第２日,04/20(日),13:04,Ｃ大阪,1-0,熊本,長居,8382,スカパー！（パーフェクト　チョイス）／ｅ２（スカチャン！）,11161
155,2008,Ｊ２,第８節第２日,04/20(日),13:05,福岡,2-0,鳥栖,レベスタ,11368,スカパー！（パーフェクト　チョイス）／ｅ２（スカチャン！）,11162
156,2008,Ｊ２,第８節第２日,04/20(日),16:04,広島,1-2,甲府,広島ビ,10746,スカパー！（パーフェクト　チョイス）／ｅ２（スカチャン！）,11163
157,2008,Ｊ２,第８節第２日,04/20(日),16:04,徳島,2-0,水戸,鳴門大塚,3283,スカパー！（パーフェクト　チョイス）／ｅ２（スカチャン！）,11164
158,2008,サテライトリーグ Ａグループ,第２日,04/20(日),13:00,湘南,1-1,札幌,馬入,400,,
159,2008,サテライトリーグ Ａグループ,第２日,04/20(日),14:00,柏,3-4,横浜FM,柏,1132,,
160,2008,サテライトリーグ Ｂグループ,第３日,04/20(日),14:00,仙台,1-1,新潟,ユアスタ,1800,,
161,2008,サテライトリーグ Ｄグループ,第２日,04/20(日),14:00,清水,2-0,名古屋,三保Ｇ,947,,
162,2008,サテライトリーグ Ｅグループ,第４日,04/20(日),14:00,神戸,2-2,京都,三木陸,300,,
163,2008,Ｊ１,第８節第１日,04/26(土),13:04,清水,1-0,Ｆ東京,日本平,14145,スカパー！（パーフェクト　チョイス）／ｅ２（スカチャン！）／テレビ静岡,10866
164,2008,Ｊ１,第８節第１日,04/26(土),13:33,札幌,0-1,新潟,札幌ド,13055,スカパー！（パーフェクト　チョイス）／ｅ２（スカチャン！）／札幌テレビ,10867
165,2008,Ｊ１,第８節第１日,04/26(土),14:05,東京Ｖ,2-0,名古屋,味スタ,11997,スカパー！・ｅ２（ＴＢＳチャンネル）／ＢＳ－ｉ／日本テレビ（録）,10868
166,2008,Ｊ１,第８節第１日,04/26(土),14:05,大分,1-0,横浜FM,九石ド,16433,スカパー！（パーフェクト　チョイス）／ｅ２（スカチャン！）／ＮＨＫ大分,10869
167,2008,Ｊ１,第８節第１日,04/26(土),16:04,京都,0-4,浦和,西京極,19680,スカパー！（パーフェクト　チョイス）／ｅ２（スカチャン！ＨＶ）／ＫＢＳ京都（録）,10870
168,2008,Ｊ１,第８節第１日,04/26(土),19:03,千葉,1-2,磐田,フクアリ,13083,スカパー！（パーフェクト　チョイス）／ｅ２（スカチャン！）,10871
169,2008,Ｊ１,第８節第１日,04/26(土),19:04,川崎Ｆ,3-2,柏,等々力,14426,スカパー！（パーフェクト　チョイス）／ｅ２（スカチャン！）／ＢＳ,10872
170,2008,Ｊ２,第９節第１日,04/26(土),13:03,横浜FC,1-1,Ｃ大阪,ニッパ球,4316,スカパー！（パーフェクト　チョイス）／ｅ２（スカチャン！）（録）,11166
171,2008,Ｊ２,第９節第１日,04/26(土),13:03,鳥栖,2-1,徳島,ベアスタ,4487,スカパー！（パーフェクト　チョイス）／ｅ２（スカチャン！）（録）,11167
172,2008,Ｊ２,第９節第１日,04/26(土),13:04,山形,0-0,福岡,ＮＤスタ,3012,スカパー！（パーフェクト　チョイス）／ｅ２（スカチャン！）／テレビユー山形,11165
173,2008,Ｊ２,第９節第１日,04/26(土),14:03,甲府,1-0,愛媛,小瀬,8305,スカパー！（パーフェクト　チョイス）／ｅ２（スカチャン！）（録）／山梨放送,11168
174,2008,Ｊ２,第９節第１日,04/26(土),15:03,熊本,1-2,広島,熊本,5822,スカパー！（パーフェクト　チョイス）／ｅ２（スカチャン！）（録）／ＮＨＫ熊本,11169
175,2008,Ｊ２,第９節第１日,04/26(土),16:03,湘南,4-2,岐阜,平塚,3543,スカパー！（パーフェクト　チョイス）／ｅ２（スカチャン！）（録）,11171
176,2008,Ｊ２,第９節第１日,04/26(土),16:04,仙台,3-3,水戸,ユアスタ,11755,スカパー！（パーフェクト　チョイス）／ｅ２（スカチャン！）,11170
177,2008,Ｊ１,第８節第２日,04/27(日),16:00,大宮,1-1,鹿島,ＮＡＣＫ,11884,スカパー！・ｅ２（Ｊ　ｓｐｏｒｔｓ　Ｐｌｕｓ）,10873
178,2008,Ｊ１,第８節第２日,04/27(日),16:04,神戸,2-1,Ｇ大阪,ホムスタ,19014,スカパー！（パーフェクト　チョイス）／ｅ２（スカチャン！ＨＶ）／ＮＨＫ神戸,10874
179,2008,Ｊ１,第９節第１日,04/29(火・祝),14:04,柏,0-2,清水,柏,11012,スカパー！・ｅ２（ＴＢＳチャンネル）／千葉テレビ／ＢＳ－ｉ,10875
180,2008,Ｊ１,第９節第１日,04/29(火・祝),14:04,磐田,2-0,京都,ヤマハ,11642,スカパー！（パーフェクト　チョイス）／ｅ２（スカチャン！）／静岡放送,10876
181,2008,Ｊ１,第９節第１日,04/29(火・祝),15:04,新潟,0-0,東京Ｖ,東北電ス,35788,スカパー！（パーフェクト　チョイス）／ｅ２（スカチャン！）／新潟放送,10877
182,2008,Ｊ１,第９節第１日,04/29(火・祝),16:00,浦和,4-2,札幌,埼玉,48031,スカパー！（パーフェクト　チョイス）／ｅ２（スカチャン！ＨＶ）／テレ玉,10878
183,2008,Ｊ１,第９節第１日,04/29(火・祝),16:04,Ｆ東京,1-0,大分,味スタ,20283,スカパー！（パーフェクト　チョイス）／ｅ２（スカチャン！）／ＴＯＫＹＯ　ＭＸ（録）,10879
184,2008,Ｊ１,第９節第１日,04/29(火・祝),19:03,名古屋,1-2,川崎Ｆ,瑞穂陸,15061,スカパー！（パーフェクト　チョイス）／ｅ２（スカチャン！ＨＶ）,10881
185,2008,Ｊ１,第９節第１日,04/29(火・祝),19:04,横浜FM,3-0,千葉,日産ス,20220,スカパー！（パーフェクト　チョイス）／ｅ２（スカチャン！）／ＢＳ,10880
186,2008,Ｊ２,第１０節第１日,04/29(火・祝),13:04,山形,1-0,湘南,ＮＤスタ,4787,スカパー！（パーフェクト　チョイス）／ｅ２（スカチャン！）（録）,11172
187,2008,Ｊ２,第１０節第１日,04/29(火・祝),13:04,水戸,1-3,岐阜,笠松,1971,スカパー！（パーフェクト　チョイス）／ｅ２（スカチャン！）（録）,11173
188,2008,Ｊ２,第１０節第１日,04/29(火・祝),13:04,徳島,1-4,広島,鳴門大塚,7254,スカパー！（パーフェクト　チョイス）／ｅ２（スカチャン！）,11174
189,2008,Ｊ２,第１０節第１日,04/29(火・祝),14:04,熊本,2-1,甲府,熊本,4464,スカパー！（パーフェクト　チョイス）／ｅ２（スカチャン！）（録）／熊本朝日放送,11176
190,2008,Ｊ２,第１０節第１日,04/29(火・祝),14:05,仙台,3-0,鳥栖,ユアスタ,13461,スカパー！（パーフェクト　チョイス）／ｅ２（スカチャン！）（録）／東北放送（録）,11175
191,2008,Ｊ２,第１０節第１日,04/29(火・祝),16:03,福岡,1-1,草津,レベスタ,6432,スカパー！（パーフェクト　チョイス）／ｅ２（スカチャン！）（録）,11177
192,2008,Ｊ２,第１０節第１日,04/29(火・祝),17:04,愛媛,1-4,Ｃ大阪,ニンスタ,3782,スカパー！（パーフェクト　チョイス）／ｅ２（スカチャン！）,11178
193,2008,Ｊ１,第９節第２日,04/30(水),19:03,Ｇ大阪,2-3,大宮,万博,10081,スカパー！（パーフェクト　チョイス）／ｅ２（スカチャン！）,10883
194,2008,Ｊ１,第９節第２日,04/30(水),19:04,鹿島,2-2,神戸,カシマ,10221,スカパー！（パーフェクト　チョイス）／ｅ２（スカチャン！）,10882
195,2008,Ｊ１,第１０節第１日,05/03(土・祝),13:04,京都,1-0,札幌,西京極,12467,スカパー！（パーフェクト　チョイス）／ｅ２（スカチャン！）／ＫＢＳ京都（録）,10884
196,2008,Ｊ１,第１０節第１日,05/03(土・祝),13:05,大分,3-1,新潟,九石ド,19273,スカパー！（パーフェクト　チョイス）／ｅ２（スカチャン！）,10885
197,2008,Ｊ１,第１０節第１日,05/03(土・祝),14:03,名古屋,1-2,Ｇ大阪,豊田ス,34436,スカパー！（パーフェクト　チョイス）／ｅ２（スカチャン！）／ＮＨＫ名古屋,10887
198,2008,Ｊ１,第１０節第１日,05/03(土・祝),14:05,大宮,0-3,Ｆ東京,ＮＡＣＫ,12104,スカパー！・ｅ２（ＴＢＳチャンネル）／ＢＳ－ｉ,10886
199,2008,Ｊ１,第１０節第１日,05/03(土・祝),15:00,東京Ｖ,3-2,横浜FM,国立,21798,スカパー！（パーフェクト　チョイス）／ｅ２（スカチャン！）／日本テレビ,10888
200,2008,Ｊ１,第１０節第１日,05/03(土・祝),16:03,千葉,0-1,柏,フクアリ,14103,スカパー！（パーフェクト　チョイス）／ｅ２（スカチャン！）,10889
201,2008,Ｊ１,第１０節第１日,05/03(土・祝),16:03,清水,1-1,磐田,日本平,20330,スカパー！（パーフェクト　チョイス）／ｅ２（スカチャン！ＨＶ）,10890
202,2008,Ｊ１,第１０節第１日,05/03(土・祝),19:03,川崎Ｆ,3-2,鹿島,等々力,20280,スカパー！（パーフェクト　チョイス）／ｅ２（スカチャン！ＨＶ）,10891
203,2008,Ｊ１,第１０節第１日,05/03(土・祝),19:04,神戸,1-1,浦和,ホムスタ,23088,スカパー！（パーフェクト　チョイス）／ｅ２（スカチャン！）／ＢＳ,10892
204,2008,Ｊ２,第１１節第１日,05/03(土・祝),13:03,草津,0-0,甲府,正田スタ,6459,スカパー！（パーフェクト　チョイス）／ｅ２（スカチャン！）（録）／群馬テレビ（録）,11179
205,2008,Ｊ２,第１１節第１日,05/03(土・祝),13:03,横浜FC,5-0,熊本,ニッパ球,4061,スカパー！（パーフェクト　チョイス）／ｅ２（スカチャン！）（録）,11180
206,2008,Ｊ２,第１１節第１日,05/03(土・祝),13:03,岐阜,0-3,愛媛,長良川,3524,スカパー！（パーフェクト　チョイス）／ｅ２（スカチャン！）（録）,11182
207,2008,Ｊ２,第１１節第１日,05/03(土・祝),13:04,鳥栖,3-0,水戸,ベアスタ,5507,スカパー！（パーフェクト　チョイス）／ｅ２（スカチャン！）（録）,11183
208,2008,Ｊ２,第１１節第１日,05/03(土・祝),13:05,湘南,4-0,福岡,平塚,6146,スカパー！（パーフェクト　チョイス）／ｅ２（スカチャン！）（録）,11181
209,2008,Ｊ２,第１１節第１日,05/03(土・祝),16:04,Ｃ大阪,1-0,徳島,長居,9694,スカパー！（パーフェクト　チョイス）／ｅ２（スカチャン！）（録）,11184
210,2008,Ｊ２,第１１節第１日,05/03(土・祝),16:04,広島,1-0,山形,広島ビ,14332,スカパー！（パーフェクト　チョイス）／ｅ２（スカチャン！）（録）,11185
211,2008,サテライトリーグ Ｅグループ,第５日,05/04(日・祝),13:59,京都,1-1,Ｃ大阪,東城陽Ｇ,475,,
212,2008,Ｊ１,第１１節第１日,05/06(火・休),13:03,磐田,1-4,川崎Ｆ,ヤマハ,13602,スカパー！（パーフェクト　チョイス）／ｅ２（スカチャン！ＨＶ）,10894
213,2008,Ｊ１,第１１節第１日,05/06(火・休),13:05,札幌,1-3,東京Ｖ,札幌ド,16508,スカパー！（パーフェクト　チョイス）／ｅ２（スカチャン！）／ＮＨＫ札幌,10893
214,2008,Ｊ１,第１１節第１日,05/06(火・休),14:04,柏,3-0,神戸,柏,9398,スカパー！・ｅ２（ＴＢＳチャンネル）／ＢＳ－ｉ／千葉テレビ,10895
215,2008,Ｊ１,第１１節第１日,05/06(火・休),14:34,新潟,3-0,清水,東北電ス,36403,スカパー！（パーフェクト　チョイス）／ｅ２（スカチャン！）／新潟テレビ２１,10896
216,2008,Ｊ１,第１１節第１日,05/06(火・休),15:00,横浜FM,1-1,大宮,日産ス,27988,スカパー！・ｅ２（Ｊ　ｓｐｏｒｔｓ　Ｐｌｕｓ）,10898
217,2008,Ｊ１,第１１節第１日,05/06(火・休),15:04,Ｆ東京,0-1,名古屋,味スタ,30825,スカパー！（パーフェクト　チョイス）／ｅ２（スカチャン！）／ＢＳ／ＴＯＫＹＯ　ＭＸ（録）,10897
218,2008,Ｊ１,第１１節第１日,05/06(火・休),16:00,浦和,3-0,千葉,埼玉,52008,スカパー！（パーフェクト　チョイス）／ｅ２（スカチャン！ＨＶ）／テレ玉,10899
219,2008,Ｊ２,第１２節第１日,05/06(火・休),13:04,水戸,0-2,湘南,笠松,2653,スカパー！（パーフェクト　チョイス）／ｅ２（スカチャン！）（録）,11186
220,2008,Ｊ２,第１２節第１日,05/06(火・休),13:04,愛媛,0-0,山形,ニンスタ,3917,スカパー！（パーフェクト　チョイス）／ｅ２（スカチャン！）（録）,11187
221,2008,Ｊ２,第１２節第１日,05/06(火・休),13:04,福岡,2-4,熊本,レベスタ,10822,スカパー！（パーフェクト　チョイス）／ｅ２（スカチャン！）（録）／ＮＨＫ福岡／ＮＨＫ熊本,11188
222,2008,Ｊ２,第１２節第１日,05/06(火・休),14:04,甲府,2-1,横浜FC,小瀬,14521,スカパー！（パーフェクト　チョイス）／ｅ２（スカチャン！）（録）／テレビ山梨,11189
223,2008,Ｊ２,第１２節第１日,05/06(火・休),16:04,岐阜,0-1,鳥栖,長良川,4347,スカパー！（パーフェクト　チョイス）／ｅ２（スカチャン！）（録）,11190
224,2008,Ｊ２,第１２節第１日,05/06(火・休),16:04,広島,0-1,仙台,広島ビ,13116,スカパー！（パーフェクト　チョイス）／ｅ２（スカチャン！）,11191
225,2008,Ｊ２,第１２節第１日,05/06(火・休),16:04,徳島,2-3,草津,鳴門大塚,3247,スカパー！（パーフェクト　チョイス）／ｅ２（スカチャン！）（録）,11192
226,2008,Ｊ１,第１２節第１日,05/10(土),14:05,川崎Ｆ,0-1,浦和,等々力,20335,スカパー！・ｅ２（ＴＢＳチャンネル）／ＴＢＳ（単）,10902
227,2008,Ｊ１,第１２節第１日,05/10(土),14:05,大分,2-0,東京Ｖ,九石ド,16771,スカパー！（パーフェクト　チョイス）／ｅ２（スカチャン！）／ＮＨＫ大分,10903
228,2008,Ｊ１,第１２節第１日,05/10(土),16:00,大宮,1-2,札幌,ＮＡＣＫ,6399,スカパー！・ｅ２（Ｊ　ｓｐｏｒｔｓ　Ｐｌｕｓ）／テレ玉（録）,10904
229,2008,Ｊ１,第１２節第１日,05/10(土),16:03,千葉,1-0,京都,フクアリ,10178,スカパー！（パーフェクト　チョイス）／ｅ２（スカチャン！）,10905
230,2008,Ｊ１,第１２節第１日,05/10(土),16:05,Ｆ東京,0-1,柏,味スタ,17122,スカパー！・ｅ２（ＴＢＳチャンネル）／ＢＳ－ｉ／ＴＯＫＹＯ　ＭＸ（録）,10906
231,2008,Ｊ１,第１２節第１日,05/10(土),19:03,名古屋,0-0,神戸,瑞穂陸,7353,スカパー！（パーフェクト　チョイス）／ｅ２（スカチャン！）,10908
232,2008,Ｊ１,第１２節第１日,05/10(土),19:04,新潟,1-0,磐田,東北電ス,33657,スカパー！（パーフェクト　チョイス）／ｅ２（スカチャン！）／ＢＳ,10907
233,2008,Ｊ２,第１３節第１日,05/10(土),13:03,草津,1-3,Ｃ大阪,正田スタ,2301,スカパー！（パーフェクト　チョイス）／ｅ２（スカチャン！）／群馬テレビ（録）,11194
234,2008,Ｊ２,第１３節第１日,05/10(土),13:04,山形,3-1,水戸,ＮＤスタ,3582,スカパー！（パーフェクト　チョイス）／ｅ２（スカチャン！）,11193
235,2008,Ｊ１,第１２節第２日,05/11(日),13:04,清水,1-0,鹿島,日本平,16195,スカパー！（パーフェクト　チョイス）／ｅ２（スカチャン！ＨＶ）／静岡放送,10909
236,2008,Ｊ１,第１２節第２日,05/11(日),16:03,Ｇ大阪,2-2,横浜FM,万博,20773,スカパー！（パーフェクト　チョイス）／ｅ２（スカチャン！ＨＶ）,10910
237,2008,Ｊ２,第１３節第２日,05/11(日),13:03,福岡,0-3,広島,レベスタ,9217,スカパー！（パーフェクト　チョイス）／ｅ２（スカチャン！）／ＮＨＫ福岡,11196
238,2008,Ｊ２,第１３節第２日,05/11(日),13:04,仙台,2-0,甲府,ユアスタ,12325,スカパー！（パーフェクト　チョイス）／ｅ２（スカチャン！）／仙台放送,11195
239,2008,Ｊ２,第１３節第２日,05/11(日),16:03,横浜FC,1-0,愛媛,ニッパ球,2734,スカパー！（パーフェクト　チョイス）／ｅ２（スカチャン！）（録）,11197
240,2008,Ｊ２,第１３節第２日,05/11(日),16:03,熊本,0-2,岐阜,熊本,4608,スカパー！（パーフェクト　チョイス）／ｅ２（スカチャン！）,11199
241,2008,Ｊ２,第１３節第２日,05/11(日),16:04,湘南,2-1,鳥栖,平塚,5023,スカパー！（パーフェクト　チョイス）／ｅ２（スカチャン！）,11198
242,2008,サテライトリーグ Ａグループ,第３日,05/11(日),14:00,柏,3-3,札幌,柏,1814,,
243,2008,サテライトリーグ Ｂグループ,第４日,05/11(日),14:00,東京Ｖ,0-3,大宮,ヴェルＧ,180,,
244,2008,サテライトリーグ Ｃグループ,第３日,05/11(日),15:00,浦和,2-0,草津,埼玉２,1460,,
245,2008,サテライトリーグ Ｅグループ,第６日,05/11(日),14:00,神戸,3-2,徳島,いぶき,150,,
246,2008,Ｊ１,第１３節第１日,05/17(土),13:04,札幌,1-3,名古屋,札幌ド,16631,スカパー！（パーフェクト　チョイス）／ｅ２（スカチャン！）／テレビ北海道,10911
247,2008,Ｊ１,第１３節第１日,05/17(土),14:00,磐田,1-2,Ｆ東京,ヤマハ,10958,スカパー！・ｅ２（Ｊ　ｓｐｏｒｔｓ　Ｐｌｕｓ）／ＮＨＫ静岡,10913
248,2008,Ｊ１,第１３節第１日,05/17(土),14:04,浦和,2-3,Ｇ大阪,埼玉,57050,スカパー！（パーフェクト　チョイス）／ｅ２（スカチャン！ＨＶ）／ＮＨＫ総合,10912
249,2008,Ｊ１,第１３節第１日,05/17(土),14:04,京都,1-0,横浜FM,鴨池,10903,スカパー！（パーフェクト　チョイス）／ｅ２（スカチャン！）／ＫＢＳ京都（録）,10914
250,2008,Ｊ１,第１３節第１日,05/17(土),16:04,鹿島,1-1,柏,カシマ,20361,スカパー！（パーフェクト　チョイス）／ｅ２（スカチャン！）,10915
251,2008,Ｊ１,第１３節第１日,05/17(土),16:05,千葉,1-0,大分,フクアリ,11616,スカパー！・ｅ２（ＴＢＳチャンネル）／ＢＳ－ｉ,10916
252,2008,Ｊ１,第１３節第１日,05/17(土),19:04,川崎Ｆ,2-3,大宮,等々力,14235,スカパー！（パーフェクト　チョイス）／ｅ２（スカチャン！）／ＢＳ,10917
253,2008,Ｊ２,第１４節第１日,05/17(土),13:03,鳥栖,0-1,広島,ベアスタ,7897,スカパー！（パーフェクト　チョイス）／ｅ２（スカチャン！）,11200
254,2008,Ｊ２,第１４節第１日,05/17(土),16:04,Ｃ大阪,2-0,湘南,長居,6629,スカパー！（パーフェクト　チョイス）／ｅ２（スカチャン！）,11201
255,2008,Ｊ１,第１３節第２日,05/18(日),16:03,神戸,1-1,新潟,ホムスタ,9117,スカパー！（パーフェクト　チョイス）／ｅ２（スカチャン！）,10919
256,2008,Ｊ１,第１３節第２日,05/18(日),18:03,東京Ｖ,4-1,清水,味スタ,11426,スカパー！（パーフェクト　チョイス）／ｅ２（スカチャン！）／日本テレビ（録）／静岡第一テレビ（録）,10918
257,2008,Ｊ２,第１４節第２日,05/18(日),13:03,岐阜,0-1,草津,長良川,3035,スカパー！（パーフェクト　チョイス）／ｅ２（スカチャン！）,11203
258,2008,Ｊ２,第１４節第２日,05/18(日),13:04,仙台,3-2,山形,ユアスタ,16931,スカパー！（パーフェクト　チョイス）／ｅ２（スカチャン！）／ＮＨＫ仙台／ＮＨＫ山形,11202
259,2008,Ｊ２,第１４節第２日,05/18(日),14:04,徳島,2-0,熊本,鳴門大塚,2665,スカパー！（パーフェクト　チョイス）／ｅ２（スカチャン！）（録）／ＮＨＫ徳島,11204
260,2008,Ｊ２,第１４節第２日,05/18(日),16:03,横浜FC,2-1,福岡,ニッパ球,3953,スカパー！（パーフェクト　チョイス）／ｅ２（スカチャン！）,11205
261,2008,Ｊ２,第１４節第２日,05/18(日),19:04,水戸,1-0,愛媛,笠松,1721,スカパー！（パーフェクト　チョイス）／ｅ２（スカチャン！）,11206
262,2008,サテライトリーグ Ａグループ,第４日,05/18(日),14:00,札幌,2-1,柏,宮の沢,2041,,
263,2008,サテライトリーグ Ａグループ,第４日,05/18(日),14:00,横浜FM,4-1,千葉,ＭＭ２１,889,,
264,2008,サテライトリーグ Ｄグループ,第３日,05/18(日),14:01,川崎Ｆ,0-3,磐田,等々力,3344,,
265,2008,Ｊ２,第１５節第１日,05/21(水),19:03,甲府,1-2,鳥栖,小瀬,8705,スカパー！（パーフェクト　チョイス）／ｅ２（スカチャン！）（録）,11209
266,2008,Ｊ２,第１５節第１日,05/21(水),19:03,熊本,2-2,仙台,熊本,3691,スカパー！（パーフェクト　チョイス）／ｅ２（スカチャン！）,11213
267,2008,Ｊ２,第１５節第１日,05/21(水),19:04,山形,2-0,徳島,ＮＤスタ,2479,スカパー！（パーフェクト　チョイス）／ｅ２（スカチャン！）（録）,11207
268,2008,Ｊ２,第１５節第１日,05/21(水),19:04,草津,2-1,水戸,正田スタ,3011,スカパー！（パーフェクト　チョイス）／ｅ２（スカチャン！）（録）／群馬テレビ,11208
269,2008,Ｊ２,第１５節第１日,05/21(水),19:04,Ｃ大阪,2-1,福岡,長居,5796,スカパー！（パーフェクト　チョイス）／ｅ２（スカチャン！）,11210
270,2008,Ｊ２,第１５節第１日,05/21(水),19:04,広島,1-0,横浜FC,広島ビ,6954,スカパー！（パーフェクト　チョイス）／ｅ２（スカチャン！）,11211
271,2008,Ｊ２,第１５節第１日,05/21(水),19:04,愛媛,1-1,湘南,ニンスタ,4511,スカパー！（パーフェクト　チョイス）／ｅ２（スカチャン！）（録）,11212
272,2008,ＹＮＣ 予選Ａグループ,第４節,05/25(日),14:01,京都,0-1,神戸,西京極,9397,,10740
273,2008,ＹＮＣ 予選Ａグループ,第４節,05/25(日),19:00,名古屋,4-2,浦和,豊田ス,21015,フジテレビ７３９（録）／フジテレビ７３９【＋ＣＳＨＤ】（録）,10741
274,2008,ＹＮＣ 予選Ｂグループ,第４節,05/25(日),13:04,清水,4-2,磐田,日本平,12389,テレビ静岡／フジテレビ７３９,10752
275,2008,ＹＮＣ 予選Ｂグループ,第４節,05/25(日),15:04,Ｆ東京,3-0,東京Ｖ,味スタ,19141,ＴＯＫＹＯ　ＭＸ／フジテレビ７３９【＋ＣＳＨＤ】（録）,10753
276,2008,ＹＮＣ 予選Ｃグループ,第４節,05/25(日),14:01,札幌,1-2,千葉,函館,5297,,10764
277,2008,ＹＮＣ 予選Ｃグループ,第４節,05/25(日),16:02,柏,3-1,川崎Ｆ,柏の葉,8009,,10765
278,2008,ＹＮＣ 予選Ｄグループ,第４節,05/25(日),14:00,大宮,1-2,大分,ＮＡＣＫ,5902,,10776
279,2008,ＹＮＣ 予選Ｄグループ,第４節,05/25(日),15:00,横浜FM,0-0,新潟,ニッパ球,9803,,10777
280,2008,Ｊ２,第１６節第１日,05/25(日),13:03,湘南,4-1,横浜FC,平塚,5788,スカパー！（パーフェクト　チョイス）／ｅ２（スカチャン！）,11215
281,2008,Ｊ２,第１６節第１日,05/25(日),13:03,福岡,2-0,仙台,レベスタ,7232,スカパー！（パーフェクト　チョイス）／ｅ２（スカチャン！）,11216
282,2008,Ｊ２,第１６節第１日,05/25(日),13:04,山形,3-1,熊本,ＮＤスタ,3019,スカパー！（パーフェクト　チョイス）／ｅ２（スカチャン！）,11214
283,2008,Ｊ２,第１６節第１日,05/25(日),16:04,広島,1-0,草津,広島ビ,9357,スカパー！（パーフェクト　チョイス）／ｅ２（スカチャン！）,11217
284,2008,Ｊ２,第１６節第１日,05/25(日),16:04,徳島,0-4,鳥栖,鳴門大塚,2553,スカパー！（パーフェクト　チョイス）／ｅ２（スカチャン！）,11218
285,2008,Ｊ２,第１６節第１日,05/25(日),19:03,岐阜,0-5,Ｃ大阪,長良川,3259,スカパー！（パーフェクト　チョイス）／ｅ２（スカチャン！）／名古屋テレビ（録）,11219
286,2008,Ｊ２,第１６節第１日,05/25(日),19:04,愛媛,2-1,甲府,ニンスタ,3155,スカパー！（パーフェクト　チョイス）／ｅ２（スカチャン！）,11220
287,2008,サテライトリーグ Ｅグループ,第７日,05/26(月),14:01,Ｃ大阪,1-0,神戸,南津守,120,,
288,2008,サテライトリーグ Ｆグループ,第５日,05/26(月),14:00,熊本,6-5,広島,八代,156,,
289,2008,サテライトリーグ Ｆグループ,第５日,05/26(月),14:02,大分,2-0,鳥栖,別府サ,186,,
290,2008,Ｊ２,第１７節第１日,05/30(金),19:05,草津,2-0,熊本,正田スタ,1819,スカパー！（パーフェクト　チョイス）／ｅ２（スカチャン！）／群馬テレビ（録）,11221
291,2008,ＹＮＣ 予選Ａグループ,第５節,05/31(土),14:00,京都,1-2,名古屋,西京極,8933,,10742
292,2008,ＹＮＣ 予選Ａグループ,第５節,05/31(土),19:00,神戸,2-1,浦和,ホムスタ,17453,フジテレビ７３９　【＋ＣＳＨＤ】,10743
293,2008,ＹＮＣ 予選Ｂグループ,第５節,05/31(土),14:03,磐田,3-0,東京Ｖ,鴨池,6025,,10755
294,2008,ＹＮＣ 予選Ｂグループ,第５節,05/31(土),14:04,Ｆ東京,1-1,清水,松本,7941,ＴＯＫＹＯ　ＭＸ／フジテレビ７３９　【＋ＣＳＨＤ】（録）,10754
295,2008,ＹＮＣ 予選Ｃグループ,第５節,05/31(土),15:00,川崎Ｆ,2-0,札幌,等々力,9710,フジテレビ７３９,10766
296,2008,ＹＮＣ 予選Ｃグループ,第５節,05/31(土),16:01,柏,1-1,千葉,柏の葉,8644,,10767
297,2008,ＹＮＣ 予選Ｄグループ,第５節,05/31(土),14:00,大宮,1-1,新潟,熊谷陸,5436,,10778
298,2008,ＹＮＣ 予選Ｄグループ,第５節,05/31(土),14:00,大分,2-2,横浜FM,九石ド,14485,,10779
299,2008,Ｊ２,第１７節第２日,05/31(土),13:04,水戸,1-0,徳島,ひたちな,1036,スカパー！（パーフェクト　チョイス）／ｅ２（スカチャン！）,11222
300,2008,Ｊ２,第１７節第２日,05/31(土),13:04,岐阜,1-1,甲府,長良川,2899,スカパー！（パーフェクト　チョイス）／ｅ２（スカチャン！）,11223
301,2008,Ｊ２,第１７節第２日,05/31(土),14:04,仙台,2-2,湘南,ユアスタ,10873,スカパー！（パーフェクト　チョイス）／ｅ２（スカチャン！）／東日本放送,11224
302,2008,Ｊ２,第１７節第２日,05/31(土),14:04,鳥栖,1-3,福岡,ベアスタ,9225,スカパー！（パーフェクト　チョイス）／ｅ２（スカチャン！）（録）／ＮＨＫ佐賀／ＮＨＫ福岡,11225
303,2008,Ｊ２,第１７節第２日,05/31(土),16:03,横浜FC,2-5,山形,ニッパ球,3146,スカパー！（パーフェクト　チョイス）／ｅ２（スカチャン！）,11226
304,2008,Ｊ２,第１７節第２日,05/31(土),16:04,Ｃ大阪,2-0,愛媛,長居,5758,スカパー！（パーフェクト　チョイス）／ｅ２（スカチャン！）,11227
305,2008,サテライトリーグ Ａグループ,第５日,06/01(日),14:00,柏,0-1,湘南,柏,1625,,
306,2008,サテライトリーグ Ａグループ,第５日,06/01(日),14:01,横浜FM,1-2,札幌,ＭＭ２１,1023,,
307,2008,サテライトリーグ Ｂグループ,第５日,06/01(日),14:00,仙台,2-1,東京Ｖ,岩沼,2200,,
308,2008,サテライトリーグ Ｂグループ,第５日,06/01(日),14:00,山形,2-1,新潟,鶴岡,1056,,
309,2008,サテライトリーグ Ｄグループ,第４日,06/01(日),15:59,名古屋,3-0,川崎Ｆ,豊田ス,2300,,
310,2008,サテライトリーグ Ｅグループ,第８日,06/01(日),14:00,Ｃ大阪,4-1,京都,南津守,350,,
311,2008,サテライトリーグ Ｅグループ,第８日,06/01(日),14:03,神戸,2-5,Ｇ大阪,三木陸,450,,
312,2008,サテライトリーグ Ｆグループ,第６日,06/01(日),14:00,大分,2-1,熊本,大分スＡ,1200,,
313,2008,サテライトリーグ Ｆグループ,第６日,06/01(日),15:00,鳥栖,2-2,愛媛,ベアスタ,600,,
314,2008,ＹＮＣ 予選Ａグループ,第６節,06/08(日),15:00,浦和,1-5,名古屋,埼玉,35417,テレ玉／フジテレビ７３９【＋ＣＳＨＤ】,10744
315,2008,ＹＮＣ 予選Ａグループ,第６節,06/08(日),15:01,神戸,1-1,京都,ホムスタ,8519,,10745
316,2008,ＹＮＣ 予選Ｂグループ,第６節,06/08(日),15:00,東京Ｖ,2-4,Ｆ東京,国立,12257,,10756
317,2008,ＹＮＣ 予選Ｂグループ,第６節,06/08(日),15:00,磐田,2-0,清水,ヤマハ,11731,,10757
318,2008,ＹＮＣ 予選Ｃグループ,第６節,06/08(日),15:00,千葉,3-2,川崎Ｆ,フクアリ,12921,フジテレビ７３９【＋ＣＳＨＤ】（録）,10769
319,2008,ＹＮＣ 予選Ｃグループ,第６節,06/08(日),15:01,札幌,0-3,柏,札幌ド,10296,,10768
320,2008,ＹＮＣ 予選Ｄグループ,第６節,06/08(日),15:00,新潟,0-1,横浜FM,東北電ス,28542,,10780
321,2008,ＹＮＣ 予選Ｄグループ,第６節,06/08(日),15:01,大分,1-0,大宮,九石ド,16435,,10781
322,2008,Ｊ２,第１８節第１日,06/08(日),13:03,甲府,1-2,草津,小瀬,10110,スカパー！（パーフェクト　チョイス）／ｅ２（スカチャン！）,11228
323,2008,Ｊ２,第１８節第１日,06/08(日),13:04,Ｃ大阪,1-2,水戸,長居,6356,スカパー！（パーフェクト　チョイス）／ｅ２（スカチャン！）,11229
324,2008,Ｊ２,第１８節第１日,06/08(日),13:04,愛媛,0-0,岐阜,ニンスタ,3371,スカパー！（パーフェクト　チョイス）／ｅ２（スカチャン！）（録）,11230
325,2008,Ｊ２,第１８節第１日,06/08(日),13:04,熊本,1-2,福岡,水前寺,4886,スカパー！（パーフェクト　チョイス）／ｅ２（スカチャン！）,11231
326,2008,Ｊ２,第１８節第１日,06/08(日),16:04,山形,3-0,鳥栖,ＮＤスタ,3754,スカパー！（パーフェクト　チョイス）／ｅ２（スカチャン！）,11232
327,2008,Ｊ２,第１８節第１日,06/08(日),16:04,横浜FC,1-1,徳島,ニッパ球,3139,スカパー！（パーフェクト　チョイス）／ｅ２（スカチャン！）（録）,11233
328,2008,Ｊ２,第１８節第１日,06/08(日),16:04,広島,5-2,湘南,広島ビ,12156,スカパー！（パーフェクト　チョイス）／ｅ２（スカチャン！）,11234
329,2008,Ｊ２,第１９節第１日,06/11(水),19:03,湘南,2-3,草津,平塚,3869,スカパー！（パーフェクト　チョイス）／ｅ２（スカチャン！）（録）,11237
330,2008,Ｊ２,第１９節第１日,06/11(水),19:03,甲府,0-2,広島,小瀬,8676,スカパー！（パーフェクト　チョイス）／ｅ２（スカチャン！）,11238
331,2008,Ｊ２,第１９節第１日,06/11(水),19:03,岐阜,0-0,熊本,長良川,2030,スカパー！（パーフェクト　チョイス）／ｅ２（スカチャン！）（録）／岐阜放送（録）,11239
332,2008,Ｊ２,第１９節第１日,06/11(水),19:03,福岡,0-3,山形,レベスタ,5729,スカパー！（パーフェクト　チョイス）／ｅ２（スカチャン！）／テレビ西日本（録）,11241
333,2008,Ｊ２,第１９節第１日,06/11(水),19:04,仙台,2-0,横浜FC,ユアスタ,12815,スカパー！（パーフェクト　チョイス）／ｅ２（スカチャン！）,11235
334,2008,Ｊ２,第１９節第１日,06/11(水),19:04,水戸,2-1,鳥栖,笠松,1130,スカパー！（パーフェクト　チョイス）／ｅ２（スカチャン！）（録）,11236
335,2008,Ｊ２,第１９節第１日,06/11(水),19:04,徳島,2-0,Ｃ大阪,鳴門大塚,2179,スカパー！（パーフェクト　チョイス）／ｅ２（スカチャン！）（録）,11240
336,2008,Ｊ２,第２０節第１日,06/15(日),13:03,鳥栖,1-0,湘南,ベアスタ,4666,スカパー！（パーフェクト　チョイス）／ｅ２（スカチャン！）,11244
337,2008,Ｊ２,第２０節第１日,06/15(日),13:04,草津,2-0,徳島,正田スタ,4282,スカパー！（パーフェクト　チョイス）／ｅ２（スカチャン！）／群馬テレビ（録）,11242
338,2008,Ｊ２,第２０節第１日,06/15(日),13:04,愛媛,2-0,水戸,ニンスタ,2088,スカパー！（パーフェクト　チョイス）／ｅ２（スカチャン！）,11243
339,2008,Ｊ２,第２０節第１日,06/15(日),16:03,横浜FC,0-1,岐阜,ニッパ球,3843,スカパー！（パーフェクト　チョイス）／ｅ２（スカチャン！）,11246
340,2008,Ｊ２,第２０節第１日,06/15(日),16:04,山形,3-0,仙台,ＮＤスタ,15422,スカパー！（パーフェクト　チョイス）／ｅ２（スカチャン！）／ＮＨＫ山形／ＮＨＫ仙台,11245
341,2008,Ｊ２,第２０節第１日,06/15(日),16:04,Ｃ大阪,3-3,甲府,長居,13224,スカパー！（パーフェクト　チョイス）／ｅ２（スカチャン！）（録）,11247
342,2008,Ｊ２,第２０節第１日,06/15(日),19:04,広島,1-1,福岡,広島ビ,6395,スカパー！（パーフェクト　チョイス）／ｅ２（スカチャン！）,11248
343,2008,Ｊ２,第２１節第１日,06/21(土),13:03,草津,1-1,岐阜,正田スタ,2832,スカパー！（パーフェクト　チョイス）／ｅ２（スカチャン！）／群馬テレビ（録）,11250
344,2008,Ｊ２,第２１節第１日,06/21(土),13:04,水戸,1-2,広島,笠松,3634,スカパー！（パーフェクト　チョイス）／ｅ２（スカチャン！）,11249
345,2008,Ｊ２,第２１節第１日,06/21(土),14:03,福岡,0-1,Ｃ大阪,レベスタ,6877,スカパー！（パーフェクト　チョイス）／ｅ２（スカチャン！）／ＮＨＫ福岡,11251
346,2008,Ｊ２,第２１節第１日,06/21(土),15:04,熊本,0-1,鳥栖,熊本,3292,スカパー！（パーフェクト　チョイス）／ｅ２（スカチャン！）（録）／ＮＨＫ熊本,11252
347,2008,Ｊ２,第２１節第１日,06/21(土),16:04,徳島,1-3,仙台,鳴門大塚,2575,スカパー！（パーフェクト　チョイス）／ｅ２（スカチャン！）,11253
348,2008,Ｊ２,第２１節第１日,06/21(土),16:05,愛媛,2-2,横浜FC,ニンスタ,4075,スカパー！（パーフェクト　チョイス）／ｅ２（スカチャン！）,11254
349,2008,Ｊ２,第２１節第１日,06/21(土),18:33,甲府,1-0,山形,小瀬,8360,スカパー！（パーフェクト　チョイス）／ｅ２（スカチャン！）,11255
350,2008,サテライトリーグ Ａグループ,第６日,06/22(日),14:00,湘南,0-1,横浜FM,平塚,780,,
351,2008,サテライトリーグ Ｄグループ,第５日,06/22(日),15:00,甲府,2-2,磐田,櫛形陸,548,,
352,2008,Ｊ１,第１１節第２日,06/25(水),19:00,Ｇ大阪,1-0,京都,万博,15840,スカパー！・ｅ２（Ｊ　ｓｐｏｒｔｓ　Ｐｌｕｓ）,10901
353,2008,Ｊ１,第１１節第２日,06/25(水),19:04,鹿島,1-0,大分,カシマ,8286,スカパー！（パーフェクト　チョイス）／ｅ２（スカチャン！）,10900
354,2008,Ｊ２,第２２節第１日,06/25(水),19:03,横浜FC,1-0,水戸,ニッパ球,2772,スカパー！（パーフェクト　チョイス）／ｅ２（スカチャン！）（録）,11257
355,2008,Ｊ２,第２２節第１日,06/25(水),19:03,湘南,1-1,山形,平塚,7039,スカパー！（パーフェクト　チョイス）／ｅ２（スカチャン！）,11258
356,2008,Ｊ２,第２２節第１日,06/25(水),19:03,岐阜,0-1,福岡,長良川,2246,スカパー！（パーフェクト　チョイス）／ｅ２（スカチャン！）（録）,11259
357,2008,Ｊ２,第２２節第１日,06/25(水),19:03,鳥栖,2-1,愛媛,ベアスタ,3869,スカパー！（パーフェクト　チョイス）／ｅ２（スカチャン！）（録）,11262
358,2008,Ｊ２,第２２節第１日,06/25(水),19:04,仙台,0-0,熊本,ユアスタ,10317,スカパー！（パーフェクト　チョイス）／ｅ２（スカチャン！）,11256
359,2008,Ｊ２,第２２節第１日,06/25(水),19:04,Ｃ大阪,1-2,草津,長居,5554,スカパー！（パーフェクト　チョイス）／ｅ２（スカチャン！）（録）,11260
360,2008,Ｊ２,第２２節第１日,06/25(水),19:04,広島,2-1,徳島,広島ビ,4622,スカパー！（パーフェクト　チョイス）／ｅ２（スカチャン！）,11261
361,2008,Ｊ１,第１４節第１日,06/28(土),14:05,大宮,2-0,東京Ｖ,熊谷陸,6979,スカパー！・ｅ２（ＴＢＳチャンネル）／ＢＳ－ｉ（録）,10920
362,2008,Ｊ１,第１４節第１日,06/28(土),15:04,清水,2-1,京都,日本平,17099,スカパー！（パーフェクト　チョイス）／ｅ２（スカチャン！）／テレビ静岡,10921
363,2008,Ｊ１,第１４節第１日,06/28(土),16:03,新潟,2-1,川崎Ｆ,東北電ス,40029,スカパー！（パーフェクト　チョイス）／ｅ２（スカチャン！ＨＶ）,10922
364,2008,Ｊ１,第１４節第１日,06/28(土),19:01,名古屋,0-4,鹿島,瑞穂陸,18215,スカパー！・ｅ２（Ｊ　ｓｐｏｒｔｓ　Ｐｌｕｓ）／中部日本放送（録）,10925
365,2008,Ｊ１,第１４節第１日,06/28(土),19:03,柏,2-1,浦和,国立,36785,スカパー！（パーフェクト　チョイス）／ｅ２（スカチャン！ＨＶ）,10923
366,2008,Ｊ１,第１４節第１日,06/28(土),19:05,横浜FM,0-1,磐田,日産ス,27549,スカパー！（パーフェクト　チョイス）／ｅ２（スカチャン！）／ＢＳ,10924
367,2008,Ｊ２,第２３節第１日,06/28(土),13:04,水戸,3-4,仙台,ひたちな,3107,スカパー！（パーフェクト　チョイス）／ｅ２（スカチャン！）,11263
368,2008,Ｊ２,第２３節第１日,06/28(土),16:03,熊本,3-2,Ｃ大阪,熊本,3074,スカパー！（パーフェクト　チョイス）／ｅ２（スカチャン！）,11264
369,2008,Ｊ２,第２３節第１日,06/28(土),19:04,徳島,0-1,岐阜,鳴門大塚,2315,スカパー！（パーフェクト　チョイス）／ｅ２（スカチャン！）,11265
370,2008,Ｊ１,第１４節第２日,06/29(日),14:05,大分,1-0,神戸,九石ド,18733,スカパー！（パーフェクト　チョイス）／ｅ２（スカチャン！）,10926
371,2008,Ｊ１,第１４節第２日,06/29(日),16:04,Ｆ東京,1-1,千葉,味スタ,27976,スカパー！（パーフェクト　チョイス）／ｅ２（スカチャン！）／ＴＯＫＹＯ　ＭＸ（録）,10927
372,2008,Ｊ１,第１４節第２日,06/29(日),19:00,Ｇ大阪,4-2,札幌,万博,14039,スカパー！・ｅ２（Ｊ　ｓｐｏｒｔｓ　Ｐｌｕｓ）,10928
373,2008,Ｊ２,第２３節第２日,06/29(日),13:04,草津,1-0,鳥栖,正田スタ,2451,スカパー！（パーフェクト　チョイス）／ｅ２（スカチャン！）／群馬テレビ（録）,11266
374,2008,Ｊ２,第２３節第２日,06/29(日),18:04,山形,2-1,広島,ＮＤスタ,4948,スカパー！（パーフェクト　チョイス）／ｅ２（スカチャン！）,11267
375,2008,Ｊ２,第２３節第２日,06/29(日),18:33,甲府,0-4,湘南,小瀬,7267,スカパー！（パーフェクト　チョイス）／ｅ２（スカチャン！）,11268
376,2008,Ｊ２,第２３節第２日,06/29(日),19:04,愛媛,1-1,福岡,ニンスタ,2916,スカパー！（パーフェクト　チョイス）／ｅ２（スカチャン！）,11269
377,2008,サテライトリーグ Ｂグループ,第６日,06/29(日),14:00,仙台,2-1,大宮,石巻,950,,
378,2008,サテライトリーグ Ｃグループ,第４日,06/29(日),15:01,浦和,1-1,水戸,熊谷陸,1608,,
379,2008,サテライトリーグ Ｄグループ,第６日,06/29(日),14:02,名古屋,0-0,清水,中池公園,1000,,
380,2008,サテライトリーグ Ｅグループ,第９日,06/29(日),14:02,Ｃ大阪,2-3,徳島,南津守,314,,
381,2008,ＹＮＣ 決勝トーナメント,準々決勝　第１戦,07/02(水),18:59,Ｇ大阪,1-0,横浜FM,金沢,10702,スカパー！（パーフェクト　チョイス）／ｅ２（スカチャン！）／フジテレビ７３９【＋ＣＳＨＤ】（録）,10785
382,2008,ＹＮＣ 決勝トーナメント,準々決勝　第１戦,07/02(水),19:00,鹿島,0-0,清水,カシマ,6757,フジテレビ７３９【＋ＣＳＨＤ】／スカパー！（パーフェクト　チョイス）（録）／ｅ２（スカチャン！）録,10782
383,2008,ＹＮＣ 決勝トーナメント,準々決勝　第１戦,07/02(水),19:00,千葉,0-1,名古屋,フクアリ,8472,スカパー！（パーフェクト　チョイス）／ｅ２（スカチャン！ＨＶ）／フジテレビ７３９【＋ＣＳＨＤ】（録）,10783
384,2008,ＹＮＣ 決勝トーナメント,準々決勝　第１戦,07/02(水),19:00,Ｆ東京,1-2,大分,味スタ,11378,フジテレビ７２１／フジテレビ７３９【＋ＣＳＨＤ】（録）／スカパー！（パーフェクト　チョイス）録／＊,10784
385,2008,Ｊ１,第１５節第１日,07/05(土),14:03,札幌,2-2,清水,札幌厚別,10282,スカパー！（パーフェクト　チョイス）／ｅ２（スカチャン！）,10929
386,2008,Ｊ１,第１５節第１日,07/05(土),18:00,東京Ｖ,3-0,千葉,味スタ,10069,スカパー！・ｅ２（Ｊ　ｓｐｏｒｔｓ　Ｐｌｕｓ）／日本テレビ（録）,10930
387,2008,Ｊ１,第１５節第１日,07/05(土),19:03,新潟,2-1,名古屋,東北電ス,37529,スカパー！（パーフェクト　チョイス）／ｅ２（スカチャン！）,10932
388,2008,Ｊ１,第１５節第１日,07/05(土),19:03,磐田,1-2,鹿島,エコパ,18479,スカパー！（パーフェクト　チョイス）／ｅ２（スカチャン！ＨＶ）,10933
389,2008,Ｊ１,第１５節第１日,07/05(土),19:03,神戸,1-0,大宮,ホムスタ,9172,スカパー！（パーフェクト　チョイス）／ｅ２（スカチャン！）,10934
390,2008,Ｊ１,第１５節第１日,07/05(土),19:04,浦和,2-0,Ｆ東京,埼玉,49218,スカパー！（パーフェクト　チョイス）／ｅ２（スカチャン！）／ＢＳ／テレ玉,10931
391,2008,Ｊ２,第２４節第１日,07/05(土),19:03,湘南,0-1,水戸,平塚,4973,スカパー！（パーフェクト　チョイス）／ｅ２（スカチャン！）（録）,11271
392,2008,Ｊ２,第２４節第１日,07/05(土),19:04,仙台,0-1,愛媛,ユアスタ,13808,スカパー！（パーフェクト　チョイス）／ｅ２（スカチャン！）（録）,11270
393,2008,Ｊ２,第２４節第１日,07/05(土),19:04,福岡,0-2,甲府,レベスタ,7990,スカパー！（パーフェクト　チョイス）／ｅ２（スカチャン！）（録）／ＲＫＢ毎日放送（録）,11272
394,2008,Ｊ１,第１５節第２日,07/06(日),19:04,柏,1-0,Ｇ大阪,柏,10726,スカパー！・ｅ２（ＴＢＳチャンネル）／ＢＳ－ｉ／千葉テレビ,10935
395,2008,Ｊ１,第１５節第２日,07/06(日),19:04,川崎Ｆ,2-1,横浜FM,等々力,17993,スカパー！（パーフェクト　チョイス）／ｅ２（スカチャン！ＨＶ）／テレビ神奈川,10936
396,2008,Ｊ１,第１５節第２日,07/06(日),19:04,京都,1-1,大分,西京極,12533,スカパー！（パーフェクト　チョイス）／ｅ２（スカチャン！）／ＫＢＳ京都,10937
397,2008,Ｊ２,第２４節第２日,07/06(日),18:04,Ｃ大阪,0-1,鳥栖,長居,6118,スカパー！（パーフェクト　チョイス）／ｅ２（スカチャン！）（録）,11273
398,2008,Ｊ２,第２４節第２日,07/06(日),18:04,広島,2-2,熊本,広島ビ,7924,スカパー！（パーフェクト　チョイス）／ｅ２（スカチャン！）,11274
399,2008,Ｊ２,第２４節第２日,07/06(日),19:03,横浜FC,0-0,草津,日産ス,36945,スカパー！（パーフェクト　チョイス）／ｅ２（スカチャン！）（録）,11275
400,2008,Ｊ２,第２４節第２日,07/06(日),19:03,岐阜,2-1,山形,長良川,3142,スカパー！（パーフェクト　チョイス）／ｅ２（スカチャン！）,11276
401,2008,サテライトリーグ Ａグループ,第７日,07/06(日),14:01,千葉,0-1,札幌,姉崎,363,,
402,2008,サテライトリーグ Ｂグループ,第７日,07/06(日),16:00,新潟,2-3,東京Ｖ,新潟陸,2085,,
403,2008,サテライトリーグ Ｃグループ,第５日,07/06(日),15:00,鹿島,1-2,Ｆ東京,ひたちな,1348,,
404,2008,サテライトリーグ Ｅグループ,第１０日,07/07(月),16:00,Ｇ大阪,0-3,京都,ガンバＧ,220,,
405,2008,Ｊ２,第２５節第１日,07/09(水),19:03,横浜FC,0-0,甲府,ニッパ球,3634,スカパー！（パーフェクト　チョイス）／ｅ２（スカチャン！）（録）,11279
406,2008,Ｊ２,第２５節第１日,07/09(水),19:03,熊本,1-3,水戸,熊本,2985,スカパー！（パーフェクト　チョイス）／ｅ２（スカチャン！）（録）,11283
407,2008,Ｊ２,第２５節第１日,07/09(水),19:04,山形,0-2,Ｃ大阪,ＮＤスタ,3736,スカパー！（パーフェクト　チョイス）／ｅ２（スカチャン！）,11277
408,2008,Ｊ２,第２５節第１日,07/09(水),19:04,草津,1-2,福岡,正田スタ,3031,スカパー！（パーフェクト　チョイス）／ｅ２（スカチャン！）（録）／群馬テレビ,11278
409,2008,Ｊ２,第２５節第１日,07/09(水),19:04,愛媛,0-2,広島,ニンスタ,4177,スカパー！（パーフェクト　チョイス）／ｅ２（スカチャン！）／ＮＨＫ松山（録）,11281
410,2008,Ｊ２,第２５節第１日,07/09(水),19:04,鳥栖,1-2,仙台,ベアスタ,4496,スカパー！（パーフェクト　チョイス）／ｅ２（スカチャン！）,11282
411,2008,Ｊ２,第２５節第１日,07/09(水),19:05,徳島,1-1,湘南,鳴門大塚,2146,スカパー！（パーフェクト　チョイス）／ｅ２（スカチャン！）（録）,11280
412,2008,Ｊ１,第１６節第１日,07/12(土),18:00,清水,0-1,神戸,日本平,14164,スカパー！・ｅ２（Ｊ　ｓｐｏｒｔｓ　Ｐｌｕｓ）,10939
413,2008,Ｊ１,第１６節第１日,07/12(土),18:03,東京Ｖ,0-1,京都,味スタ,8060,スカパー！（パーフェクト　チョイス）／ｅ２（スカチャン！）／日本テレビ（録）,10938
414,2008,Ｊ１,第１６節第１日,07/12(土),18:05,大分,2-0,浦和,九石ド,28214,スカパー！（パーフェクト　チョイス）／ｅ２（スカチャン！）,10940
415,2008,Ｊ１,第１６節第１日,07/12(土),19:03,名古屋,1-0,柏,瑞穂陸,11717,スカパー！（パーフェクト　チョイス）／ｅ２（スカチャン！）／東海テレビ（録）,10942
416,2008,Ｊ１,第１６節第１日,07/12(土),19:03,Ｇ大阪,2-1,川崎Ｆ,万博,20138,スカパー！（パーフェクト　チョイス）／ｅ２（スカチャン！ＨＶ）,10943
417,2008,Ｊ１,第１６節第１日,07/12(土),19:04,大宮,1-2,磐田,ＮＡＣＫ,11061,スカパー！・ｅ２（ＴＢＳチャンネル）／ＢＳ－ｉ／テレ玉,10941
418,2008,Ｊ２,第２６節第１日,07/12(土),18:04,水戸,2-1,山形,笠松,4152,スカパー！（パーフェクト　チョイス）／ｅ２（スカチャン！）（録）,11284
419,2008,Ｊ２,第２６節第１日,07/12(土),18:04,広島,4-0,岐阜,広島ビ,9952,スカパー！（パーフェクト　チョイス）／ｅ２（スカチャン！）（録）,11285
420,2008,Ｊ２,第２６節第１日,07/12(土),19:03,鳥栖,1-0,横浜FC,ベアスタ,7399,スカパー！（パーフェクト　チョイス）／ｅ２（スカチャン！）（録）,11286
421,2008,Ｊ１,第１６節第２日,07/13(日),19:00,横浜FM,0-1,新潟,ニッパ球,12294,スカパー！・ｅ２（Ｊ　ｓｐｏｒｔｓ　Ｐｌｕｓ）,10946
422,2008,Ｊ１,第１６節第２日,07/13(日),19:03,千葉,0-3,札幌,フクアリ,12494,スカパー！（パーフェクト　チョイス）／ｅ２（スカチャン！）,10945
423,2008,Ｊ１,第１６節第２日,07/13(日),19:04,鹿島,4-1,Ｆ東京,カシマ,16561,スカパー！（パーフェクト　チョイス）／ｅ２（スカチャン！）／ＢＳ,10944
424,2008,Ｊ２,第２６節第２日,07/13(日),18:33,甲府,3-1,熊本,小瀬,10500,スカパー！（パーフェクト　チョイス）／ｅ２（スカチャン！）,11287
425,2008,Ｊ２,第２６節第２日,07/13(日),19:03,湘南,4-1,愛媛,平塚,4738,スカパー！（パーフェクト　チョイス）／ｅ２（スカチャン！）（録）,11289
426,2008,Ｊ２,第２６節第２日,07/13(日),19:03,福岡,2-1,徳島,レベスタ,9193,スカパー！（パーフェクト　チョイス）／ｅ２（スカチャン！）（録）,11290
427,2008,Ｊ２,第２６節第２日,07/13(日),19:04,仙台,0-0,Ｃ大阪,ユアスタ,14439,スカパー！（パーフェクト　チョイス）／ｅ２（スカチャン！）,11288
428,2008,サテライトリーグ Ｃグループ,第６日,07/13(日),14:01,草津,1-1,水戸,本白根３,600,,
429,2008,サテライトリーグ Ｆグループ,第７日,07/13(日),16:01,広島,0-0,鳥栖,島根,600,,
430,2008,Ｊ１,第１７節第１日,07/16(水),19:03,札幌,0-0,大分,札幌厚別,9512,スカパー！（パーフェクト　チョイス）／ｅ２（スカチャン！）,10947
431,2008,Ｊ１,第１７節第１日,07/16(水),19:04,京都,2-1,鹿島,西京極,15081,スカパー！・ｅ２（Ｊ　ｓｐｏｒｔｓ　Ｐｌｕｓ）／ＫＢＳ京都,10948
432,2008,Ｊ１,第１７節第１日,07/16(水),19:04,神戸,1-0,横浜FM,ホムスタ,9524,スカパー！・ｅ２（ＴＢＳチャンネル）／ＢＳ－ｉ,10949
433,2008,Ｊ１,第１７節第１日,07/16(水),19:33,新潟,2-2,千葉,東北電ス,30711,スカパー！（パーフェクト　チョイス）／ｅ２（スカチャン！）,10951
434,2008,Ｊ１,第１７節第１日,07/16(水),19:34,Ｆ東京,1-1,Ｇ大阪,国立,27701,スカパー！（パーフェクト　チョイス）／ｅ２（スカチャン！ＨＶ）／ＴＯＫＹＯ　ＭＸ（録）,10950
435,2008,Ｊ１,第１７節第２日,07/17(木),19:00,磐田,2-1,名古屋,ヤマハ,8216,スカパー！・ｅ２（Ｊ　ｓｐｏｒｔｓ　Ｐｌｕｓ）,10954
436,2008,Ｊ１,第１７節第２日,07/17(木),19:04,柏,1-0,大宮,柏,7474,スカパー！（パーフェクト　チョイス）／ｅ２（スカチャン！）,10952
437,2008,Ｊ１,第１７節第２日,07/17(木),19:04,川崎Ｆ,2-1,清水,等々力,14131,スカパー！（パーフェクト　チョイス）／ｅ２（スカチャン！）／ＢＳ,10953
438,2008,Ｊ１,第１７節第２日,07/17(木),19:31,浦和,3-2,東京Ｖ,埼玉,35080,スカパー！（パーフェクト　チョイス）／ｅ２（スカチャン！ＨＶ）／テレ玉,10955
439,2008,Ｊ２,第２７節第１日,07/19(土),18:03,熊本,1-0,愛媛,熊本,3260,スカパー！（パーフェクト　チョイス）／ｅ２（スカチャン！）（録）,11293
440,2008,Ｊ２,第２７節第１日,07/19(土),18:04,徳島,1-2,山形,鳴門大塚,3057,スカパー！（パーフェクト　チョイス）／ｅ２（スカチャン！）,11292
441,2008,Ｊ２,第２７節第１日,07/19(土),18:05,Ｃ大阪,1-2,広島,長居,11536,スカパー！（パーフェクト　チョイス）／ｅ２（スカチャン！）,11291
442,2008,Ｊ２,第２７節第１日,07/19(土),19:03,草津,0-0,仙台,正田スタ,6142,スカパー！（パーフェクト　チョイス）／ｅ２（スカチャン！）／群馬テレビ,11294
443,2008,Ｊ２,第２７節第１日,07/19(土),19:05,岐阜,0-0,湘南,長良川,3691,スカパー！（パーフェクト　チョイス）／ｅ２（スカチャン！）（録）,11295
444,2008,Ｊ１,第１８節第１日,07/20(日),14:04,札幌,1-1,神戸,札幌厚別,12222,スカパー！（パーフェクト　チョイス）／ｅ２（スカチャン！）,10956
445,2008,Ｊ１,第１８節第１日,07/20(日),18:03,東京Ｖ,2-1,柏,味スタ,11171,スカパー！（パーフェクト　チョイス）／ｅ２（スカチャン！）／日本テレビ（録）,10957
446,2008,Ｊ１,第１８節第１日,07/20(日),18:05,大分,2-1,磐田,九石ド,19355,スカパー！（パーフェクト　チョイス）／ｅ２（スカチャン！）,10958
447,2008,Ｊ１,第１８節第１日,07/20(日),19:03,横浜FM,0-2,鹿島,日産ス,34752,スカパー！（パーフェクト　チョイス）／ｅ２（スカチャン！ＨＶ）,10960
448,2008,Ｊ１,第１８節第１日,07/20(日),19:03,清水,3-0,新潟,日本平,17025,スカパー！（パーフェクト　チョイス）／ｅ２（スカチャン！）,10961
449,2008,Ｊ１,第１８節第１日,07/20(日),19:04,千葉,0-1,Ｇ大阪,フクアリ,15450,スカパー！（パーフェクト　チョイス）／ｅ２（スカチャン！）／ＢＳ,10959
450,2008,Ｊ２,第２７節第２日,07/20(日),18:33,甲府,2-0,水戸,小瀬,11003,スカパー！（パーフェクト　チョイス）／ｅ２（スカチャン！）（録）,11296
451,2008,Ｊ２,第２７節第２日,07/20(日),19:03,福岡,3-2,横浜FC,レベスタ,14628,スカパー！（パーフェクト　チョイス）／ｅ２（スカチャン！）（録）,11297
452,2008,Ｊ１,第１８節第２日,07/21(月・祝),18:01,浦和,1-3,川崎Ｆ,埼玉,51168,スカパー！（パーフェクト　チョイス）／ｅ２（スカチャン！ＨＶ）／テレ玉,10962
453,2008,Ｊ１,第１８節第２日,07/21(月・祝),19:03,名古屋,4-0,大宮,瑞穂陸,9578,スカパー！（パーフェクト　チョイス）／ｅ２（スカチャン！）,10963
454,2008,Ｊ１,第１８節第２日,07/21(月・祝),19:04,京都,1-1,Ｆ東京,西京極,14062,スカパー！・ｅ２（ＴＢＳチャンネル）／ＢＳ－ｉ／ＫＢＳ京都,10964
455,2008,サテライトリーグ Ｂグループ,第８日,07/21(月・祝),16:00,東京Ｖ,2-1,新潟,ヴェルＧ,240,,
456,2008,サテライトリーグ Ｃグループ,第７日,07/21(月・祝),15:01,水戸,2-2,鹿島,水戸サ,1262,,
457,2008,サテライトリーグ Ｄグループ,第７日,07/21(月・祝),15:01,清水,1-0,甲府,愛鷹,1452,,
458,2008,サテライトリーグ Ｅグループ,第１１日,07/21(月・祝),16:00,Ｇ大阪,1-2,神戸,ガンバＧ,400,,
459,2008,サテライトリーグ Ｆグループ,第８日,07/21(月・祝),15:03,広島,0-1,愛媛,吉田,200,,
460,2008,Ｊ２,第２８節第１日,07/25(金),19:34,山形,1-0,草津,ＮＤスタ,4132,スカパー！（パーフェクト　チョイス）／ｅ２（スカチャン！）,11298
461,2008,Ｊ１,第１９節第１日,07/26(土),19:03,Ｇ大阪,0-1,大分,万博,17619,スカパー！（パーフェクト　チョイス）／ｅ２（スカチャン！）,10969
462,2008,Ｊ１,第１９節第１日,07/26(土),19:03,神戸,0-1,千葉,神戸ユ,9348,スカパー！（パーフェクト　チョイス）／ｅ２（スカチャン！）,10970
463,2008,Ｊ１,第１９節第１日,07/26(土),19:04,柏,2-2,京都,柏,9027,スカパー！（パーフェクト　チョイス）／ｅ２（スカチャン！ＨＶ）,10965
464,2008,Ｊ１,第１９節第１日,07/26(土),19:04,Ｆ東京,1-1,横浜FM,味スタ,28986,スカパー！・ｅ２（ＴＢＳチャンネル）／ＢＳ－ｉ／ＴＯＫＹＯ　ＭＸ,10966
465,2008,Ｊ１,第１９節第１日,07/26(土),19:04,川崎Ｆ,1-1,名古屋,等々力,21952,スカパー！（パーフェクト　チョイス）／ｅ２（スカチャン！）／ＢＳ,10967
466,2008,Ｊ１,第１９節第１日,07/26(土),19:04,磐田,1-1,東京Ｖ,ヤマハ,11057,スカパー！（パーフェクト　チョイス）／ｅ２（スカチャン！）／静岡放送（録）,10968
467,2008,Ｊ２,第２８節第２日,07/26(土),19:03,鳥栖,2-1,甲府,ベアスタ,5621,スカパー！（パーフェクト　チョイス）／ｅ２（スカチャン！）（録）,11301
468,2008,Ｊ２,第２８節第２日,07/26(土),19:04,水戸,2-3,福岡,笠松,3221,スカパー！（パーフェクト　チョイス）／ｅ２（スカチャン！）（録）,11300
469,2008,Ｊ２,第２８節第２日,07/26(土),19:05,仙台,1-1,岐阜,ユアスタ,13262,スカパー！（パーフェクト　チョイス）／ｅ２（スカチャン！）（録）,11299
470,2008,Ｊ１,第１９節第２日,07/27(日),18:03,新潟,2-1,札幌,東北電ス,35388,スカパー！（パーフェクト　チョイス）／ｅ２（スカチャン！）,10972
471,2008,Ｊ１,第１９節第２日,07/27(日),18:34,鹿島,1-1,浦和,カシマ,36412,スカパー！（パーフェクト　チョイス）／ｅ２（スカチャン！）,10973
472,2008,Ｊ１,第１９節第２日,07/27(日),19:30,大宮,0-0,清水,ＮＡＣＫ,8657,スカパー！・ｅ２（Ｊ　ｓｐｏｒｔｓ　Ｐｌｕｓ）／テレ玉,10971
473,2008,Ｊ２,第２８節第３日,07/27(日),18:03,横浜FC,1-2,広島,ニッパ球,5666,スカパー！（パーフェクト　チョイス）／ｅ２（スカチャン！）,11302
474,2008,Ｊ２,第２８節第３日,07/27(日),19:03,湘南,4-1,熊本,平塚,4350,スカパー！（パーフェクト　チョイス）／ｅ２（スカチャン！）（録）,11303
475,2008,サテライトリーグ Ｂグループ,第９日,07/27(日),16:00,東京Ｖ,4-2,山形,ヴェルＧ,220,,
476,2008,サテライトリーグ Ｃグループ,第８日,07/27(日),16:00,Ｆ東京,4-1,水戸,夢の島,801,,
477,2008,Ｊ２,第２８節第４日,07/30(水),19:04,愛媛,1-0,徳島,ニンスタ,7809,スカパー！（パーフェクト　チョイス）／ｅ２（スカチャン！）／テレビ愛媛（録）,11304
478,2008,サテライトリーグ Ａグループ,第８日,07/30(水),15:01,千葉,4-4,柏,市原,409,,
479,2008,Ｊ２,第２９節第１日,08/01(金),19:04,岐阜,0-1,水戸,長良川,2878,スカパー！（パーフェクト　チョイス）／ｅ２（スカチャン！）,11305
480,2008,ＪＯＭＯ　ＣＵＰ,,08/02(土),18:03,Ｊ－ＳＴＡＲＳ,1-3,Ｋ－ＳＴＡＲＳ,国立,27629,テレビ朝日系列で全国放送（１８：００～１９：５７）,10733
481,2008,Ｊ２,第２９節第２日,08/03(日),18:03,熊本,3-0,徳島,鴨池,2026,スカパー！（パーフェクト　チョイス）／ｅ２（スカチャン！）（録）,11309
482,2008,Ｊ２,第２９節第２日,08/03(日),18:04,草津,2-1,愛媛,正田スタ,4583,スカパー！（パーフェクト　チョイス）／ｅ２（スカチャン！）（録）／群馬テレビ（録）,11306
483,2008,Ｊ２,第２９節第２日,08/03(日),18:04,Ｃ大阪,1-2,横浜FC,長居,15606,スカパー！（パーフェクト　チョイス）／ｅ２（スカチャン！）,11307
484,2008,Ｊ２,第２９節第２日,08/03(日),18:04,広島,1-0,鳥栖,広島ビ,12303,スカパー！（パーフェクト　チョイス）／ｅ２（スカチャン！）,11308
485,2008,Ｊ２,第２９節第２日,08/03(日),18:34,甲府,2-2,仙台,小瀬,11078,スカパー！（パーフェクト　チョイス）／ｅ２（スカチャン！）,11310
486,2008,Ｊ２,第２９節第２日,08/03(日),19:03,福岡,2-2,湘南,レベスタ,10450,スカパー！（パーフェクト　チョイス）／ｅ２（スカチャン！）（録）,11311
487,2008,サテライトリーグ Ｃグループ,第９日,08/03(日),15:01,鹿島,4-2,水戸,カシマ,1327,,
488,2008,ＹＮＣ 決勝トーナメント,準々決勝　第２戦,08/06(水),19:00,横浜FM,2-1,Ｇ大阪,ニッパ球,8365,フジテレビ７２１【＋ＣＳＨＤ】／フジテレビ７３９（録）／スカパー！（パーフェクト　チョイス）録／＊,10786
489,2008,ＹＮＣ 決勝トーナメント,準々決勝　第２戦,08/06(水),19:00,清水,2-1,鹿島,日本平,8949,スカパー！（パーフェクト　チョイス）／ｅ２（スカチャン！）／フジテレビ７３９【＋ＣＳＨＤ】（録）,10787
490,2008,ＹＮＣ 決勝トーナメント,準々決勝　第２戦,08/06(水),19:00,名古屋,1-0,千葉,瑞穂陸,6344,スカパー！（パーフェクト　チョイス）／ｅ２（スカチャン！）／フジテレビ７３９【＋ＣＳＨＤ】（録）,10788
491,2008,ＹＮＣ 決勝トーナメント,準々決勝　第２戦,08/06(水),19:00,大分,1-1,Ｆ東京,九石ド,13483,スカパー！（パーフェクト　チョイス）／ｅ２（スカチャン！ＨＶ）／フジテレビ７３９【＋ＣＳＨＤ】（録）,10789
492,2008,Ｊ１,第２０節第１日,08/09(土),16:04,札幌,1-2,大宮,札幌厚別,9682,スカパー！（パーフェクト　チョイス）／ｅ２（スカチャン！ＨＶ）,10974
493,2008,Ｊ１,第２０節第１日,08/09(土),18:03,東京Ｖ,4-0,新潟,味スタ,9211,スカパー！（パーフェクト　チョイス）／ｅ２（スカチャン！）／日本テレビ（録）,10975
494,2008,Ｊ１,第２０節第１日,08/09(土),18:05,大分,2-2,清水,九石ド,18743,スカパー！（パーフェクト　チョイス）／ｅ２（スカチャン！）,10976
495,2008,Ｊ１,第２０節第１日,08/09(土),19:00,千葉,3-1,鹿島,フクアリ,16190,スカパー！・ｅ２（Ｊ　ｓｐｒｏｔｓ　Ｐｌｕｓ）,10977
496,2008,Ｊ１,第２０節第１日,08/09(土),19:03,名古屋,0-1,Ｆ東京,瑞穂陸,12269,スカパー！（パーフェクト　チョイス）／ｅ２（スカチャン！ＨＶ）,10979
497,2008,Ｊ１,第２０節第１日,08/09(土),19:04,磐田,0-1,神戸,ヤマハ,14239,スカパー！（パーフェクト　チョイス）／ｅ２（スカチャン！）／静岡放送（録）,10978
498,2008,Ｊ１,第２０節第１日,08/09(土),19:04,京都,1-2,川崎Ｆ,西京極,11762,スカパー！（パーフェクト　チョイス）／ｅ２（スカチャン！）／ＫＢＳ京都,10980
499,2008,Ｊ１,第２０節第１日,08/09(土),19:33,横浜FM,2-1,Ｇ大阪,日産ス,24711,スカパー！（パーフェクト　チョイス）／ｅ２（スカチャン！）,10982
500,2008,Ｊ１,第２０節第１日,08/09(土),19:34,浦和,2-2,柏,埼玉,46981,スカパー！・ｅ２（ＴＢＳチャンネル）／ＢＳ－ｉ／テレ玉,10981
501,2008,Ｊ２,第３０節第１日,08/09(土),17:05,徳島,1-3,甲府,鳴門大塚,3436,スカパー！（パーフェクト　チョイス）／ｅ２（スカチャン！）,11312
502,2008,Ｊ２,第３０節第１日,08/09(土),19:03,湘南,3-0,Ｃ大阪,平塚,5365,スカパー！（パーフェクト　チョイス）／ｅ２（スカチャン！）（録）,11313
503,2008,Ｊ２,第３０節第２日,08/10(日),18:03,熊本,1-1,横浜FC,熊本,5274,スカパー！（パーフェクト　チョイス）／ｅ２（スカチャン！）（録）,11317
504,2008,Ｊ２,第３０節第２日,08/10(日),18:04,山形,3-0,愛媛,ＮＤスタ,5322,スカパー！（パーフェクト　チョイス）／ｅ２（スカチャン！）,11314
505,2008,Ｊ２,第３０節第２日,08/10(日),18:04,水戸,2-2,草津,笠松,4776,スカパー！（パーフェクト　チョイス）／ｅ２（スカチャン！）（録）,11315
506,2008,Ｊ２,第３０節第２日,08/10(日),18:05,鳥栖,0-0,岐阜,ベアスタ,6318,スカパー！（パーフェクト　チョイス）／ｅ２（スカチャン！）,11316
507,2008,Ｊ２,第３０節第２日,08/10(日),19:04,仙台,1-1,広島,ユアスタ,18445,スカパー！（パーフェクト　チョイス）／ｅ２（スカチャン！）,11318
508,2008,サテライトリーグ Ａグループ,第９日,08/10(日),14:00,札幌,1-1,横浜FM,宮の沢,1778,,
509,2008,サテライトリーグ Ｂグループ,第１０日,08/10(日),18:00,大宮,0-1,東京Ｖ,ＮＡＣＫ,1900,,
510,2008,サテライトリーグ Ｄグループ,第８日,08/10(日),16:00,磐田,2-3,名古屋,ヤマハ,809,,
511,2008,サテライトリーグ Ｅグループ,第１２日,08/10(日),16:00,徳島,0-2,Ｃ大阪,板野,300,,
512,2008,サテライトリーグ Ｃグループ,第１０日,08/13(水),16:00,草津,1-2,浦和,熊谷補,550,,
513,2008,Ｊ１,第２１節第１日,08/16(土),18:00,大宮,2-0,Ｇ大阪,ＮＡＣＫ,8790,スカパー！（パーフェクト　チョイス）／ｅ２（スカチャン！）,10983
514,2008,Ｊ１,第２１節第１日,08/16(土),18:30,鹿島,4-1,東京Ｖ,カシマ,21431,スカパー！（パーフェクト　チョイス）／ｅ２（スカチャン！）,10984
515,2008,Ｊ１,第２１節第１日,08/16(土),18:34,Ｆ東京,0-1,浦和,味スタ,37154,スカパー！（パーフェクト　チョイス）／ｅ２（スカチャン！ＨＶ）／ＴＯＫＹＯ　ＭＸ＊（録）,10985
516,2008,Ｊ１,第２１節第１日,08/16(土),19:03,新潟,0-1,大分,東北電ス,38781,スカパー！（パーフェクト　チョイス）／ｅ２（スカチャン！）,10987
517,2008,Ｊ１,第２１節第１日,08/16(土),19:03,神戸,1-2,名古屋,ホムスタ,12799,スカパー！（パーフェクト　チョイス）／ｅ２（スカチャン！）,10988
518,2008,Ｊ１,第２１節第１日,08/16(土),19:04,柏,1-1,千葉,柏,10266,スカパー！（パーフェクト　チョイス）／ｅ２（スカチャン！）／千葉テレビ,10986
519,2008,Ｊ２,第３１節第１日,08/16(土),18:33,甲府,2-0,広島,小瀬,12120,スカパー！（パーフェクト　チョイス）／ｅ２（スカチャン！）（録）,11319
520,2008,Ｊ２,第３１節第１日,08/16(土),19:03,福岡,2-2,熊本,レベスタ,9076,スカパー！（パーフェクト　チョイス）／ｅ２（スカチャン！）（録）,11321
521,2008,Ｊ２,第３１節第１日,08/16(土),19:04,仙台,0-1,山形,ユアスタ,17537,スカパー！（パーフェクト　チョイス）／ｅ２（スカチャン！）（録）,11320
522,2008,Ｊ１,第２１節第２日,08/17(日),14:03,札幌,1-2,京都,札幌ド,16338,スカパー！（パーフェクト　チョイス）／ｅ２（スカチャン！ＨＶ）,10989
523,2008,Ｊ１,第２１節第２日,08/17(日),19:03,清水,1-1,横浜FM,日本平,18292,スカパー！（パーフェクト　チョイス）／ｅ２（スカチャン！）,10991
524,2008,Ｊ１,第２１節第２日,08/17(日),19:05,川崎Ｆ,2-2,磐田,等々力,14715,スカパー！・ｅ２（ＴＢＳチャンネル）／ＢＳ－ｉ,10990
525,2008,Ｊ２,第３１節第２日,08/17(日),18:04,岐阜,1-1,徳島,長良川,3428,スカパー！（パーフェクト　チョイス）／ｅ２（スカチャン！）（録）,11322
526,2008,Ｊ２,第３１節第２日,08/17(日),18:04,Ｃ大阪,2-1,水戸,長居,6366,スカパー！（パーフェクト　チョイス）／ｅ２（スカチャン！）,11323
527,2008,Ｊ２,第３１節第２日,08/17(日),19:03,横浜FC,1-1,草津,ニッパ球,2536,スカパー！（パーフェクト　チョイス）／ｅ２（スカチャン！）（録）,11324
528,2008,Ｊ２,第３１節第２日,08/17(日),19:04,愛媛,0-2,鳥栖,ニンスタ,3041,スカパー！（パーフェクト　チョイス）／ｅ２（スカチャン！）,11325
529,2008,サテライトリーグ Ｂグループ,第１１日,08/17(日),15:30,東京Ｖ,1-1,仙台,ヴェルＧ,200,,
530,2008,サテライトリーグ Ｂグループ,第１１日,08/17(日),15:59,大宮,2-2,新潟,鴻巣,415,,
531,2008,サテライトリーグ Ｄグループ,第９日,08/20(水),16:01,磐田,1-0,甲府,ヤマハ,260,,
532,2008,Ｊ１,第２２節第１日,08/23(土),18:34,鹿島,1-2,名古屋,カシマ,19868,スカパー！（パーフェクト　チョイス）／ｅ２（スカチャン！ＨＶ）,10992
533,2008,Ｊ１,第２２節第１日,08/23(土),18:34,浦和,3-1,磐田,埼玉,45253,スカパー！・ｅ２（ＴＢＳチャンネル）／ＢＳ－ｉ／テレ玉,10993
534,2008,Ｊ１,第２２節第１日,08/23(土),18:34,Ｆ東京,1-2,東京Ｖ,国立,18431,スカパー！（パーフェクト　チョイス）／ｅ２（スカチャン！）／ＴＯＫＹＯ　ＭＸ,10994
535,2008,Ｊ１,第２２節第１日,08/23(土),19:01,Ｇ大阪,1-1,神戸,万博,15448,スカパー！・ｅ２（Ｊ　ｓｐｒｏｔｓ　Ｐｌｕｓ）,10997
536,2008,Ｊ１,第２２節第１日,08/23(土),19:03,清水,3-2,柏,日本平,14163,スカパー！（パーフェクト　チョイス）／ｅ２（スカチャン！）,10995
537,2008,Ｊ１,第２２節第１日,08/23(土),19:04,京都,1-0,新潟,西京極,8688,スカパー！（パーフェクト　チョイス）／ｅ２（スカチャン！）／ＫＢＳ京都,10996
538,2008,Ｊ２,第３２節第１日,08/23(土),18:04,広島,4-0,福岡,広島ビ,12166,スカパー！（パーフェクト　チョイス）／ｅ２（スカチャン！）（録）,11326
539,2008,Ｊ２,第３２節第１日,08/23(土),19:04,山形,1-1,甲府,ＮＤスタ,4701,スカパー！（パーフェクト　チョイス）／ｅ２（スカチャン！）（録）,11327
540,2008,Ｊ２,第３２節第１日,08/23(土),19:04,愛媛,2-2,水戸,ニンスタ,2711,スカパー！（パーフェクト　チョイス）／ｅ２（スカチャン！）（録）,11328
541,2008,Ｊ１,第２２節第２日,08/24(日),18:05,大分,1-0,大宮,九石ド,18171,スカパー！（パーフェクト　チョイス）／ｅ２（スカチャン！）,10998
542,2008,Ｊ１,第２２節第２日,08/24(日),18:33,横浜FM,1-0,札幌,ニッパ球,9583,スカパー！（パーフェクト　チョイス）／ｅ２（スカチャン！）,10999
543,2008,Ｊ１,第２２節第２日,08/24(日),19:03,千葉,0-1,川崎Ｆ,フクアリ,14242,スカパー！（パーフェクト　チョイス）／ｅ２（スカチャン！）,11000
544,2008,Ｊ２,第３２節第２日,08/24(日),18:03,鳥栖,0-1,湘南,ベアスタ,6625,スカパー！（パーフェクト　チョイス）／ｅ２（スカチャン！）（録）,11331
545,2008,Ｊ２,第３２節第２日,08/24(日),18:04,草津,3-1,岐阜,正田スタ,2343,スカパー！（パーフェクト　チョイス）／ｅ２（スカチャン！）（録）／群馬テレビ（録）,11329
546,2008,Ｊ２,第３２節第２日,08/24(日),18:05,徳島,1-1,仙台,鳴門大塚,3878,スカパー！（パーフェクト　チョイス）／ｅ２（スカチャン！）（録）,11330
547,2008,サテライトリーグ Ｆグループ,第９日,08/24(日),15:00,愛媛,3-2,広島,ニンスタ,400,,
548,2008,Ｊ２,第３２節第３日,08/25(月),19:03,熊本,2-2,Ｃ大阪,熊本,4364,スカパー！（パーフェクト　チョイス）／ｅ２（スカチャン！）,11332
549,2008,Ｊ１,第２３節第１日,08/27(水),19:03,東京Ｖ,1-1,浦和,国立,26275,スカパー！（パーフェクト　チョイス）／ｅ２（スカチャン！ＨＶ）／日本テレビ（録）,11002
550,2008,Ｊ１,第２３節第１日,08/27(水),19:03,磐田,0-0,千葉,ヤマハ,8555,スカパー！（パーフェクト　チョイス）／ｅ２（スカチャン！）,11003
551,2008,Ｊ１,第２３節第１日,08/27(水),19:03,名古屋,3-2,清水,瑞穂陸,10071,スカパー！（パーフェクト　チョイス）／ｅ２（スカチャン！）／東海テレビ（録）,11004
552,2008,Ｊ１,第２３節第１日,08/27(水),19:04,神戸,1-2,鹿島,ホムスタ,13123,スカパー！（パーフェクト　チョイス）／ｅ２（スカチャン！）／ＢＳ,11005
553,2008,Ｊ１,第２３節第１日,08/27(水),19:05,札幌,3-3,Ｇ大阪,札幌厚別,7010,スカパー！・ｅ２（ＴＢＳチャンネル）／ＢＳ－ｉ,11001
554,2008,Ｊ１,第２３節第２日,08/28(木),19:00,大宮,1-0,横浜FM,ＮＡＣＫ,6125,スカパー！（パーフェクト　チョイス）／ｅ２（スカチャン！ＨＶ）,11006
555,2008,Ｊ１,第２３節第２日,08/28(木),19:03,川崎Ｆ,4-1,新潟,等々力,10884,スカパー！（パーフェクト　チョイス）／ｅ２（スカチャン！）,11008
556,2008,Ｊ１,第２３節第２日,08/28(木),19:04,柏,0-1,Ｆ東京,柏,8463,スカパー！（パーフェクト　チョイス）／ｅ２（スカチャン！）,11007
557,2008,Ｊ１,第２３節第２日,08/28(木),19:05,大分,1-0,京都,九石ド,21245,スカパー！（パーフェクト　チョイス）／ｅ２（スカチャン！）,11009
558,2008,サテライトリーグ Ｄグループ,第１０日,08/28(木),16:00,磐田,2-0,清水,ヤマハ,334,,
559,2008,サテライトリーグ Ｂグループ,第１２日,08/29(金),19:00,新潟,3-1,大宮,新潟陸,1097,,
560,2008,Ｊ２,第３３節第１日,08/30(土),18:03,横浜FC,1-4,山形,ニッパ球,3612,スカパー！（パーフェクト　チョイス）／ｅ２（スカチャン！）,11334
561,2008,Ｊ２,第３３節第１日,08/30(土),18:04,水戸,1-4,広島,笠松,3259,スカパー！（パーフェクト　チョイス）／ｅ２（スカチャン！）,11333
562,2008,Ｊ２,第３３節第１日,08/30(土),18:04,岐阜,0-1,愛媛,長良川,2090,スカパー！（パーフェクト　チョイス）／ｅ２（スカチャン！）（録）,11337
563,2008,Ｊ２,第３３節第１日,08/30(土),18:04,Ｃ大阪,3-2,徳島,長居,5735,スカパー！（パーフェクト　チョイス）／ｅ２（スカチャン！）（録）,11338
564,2008,Ｊ２,第３３節第１日,08/30(土),18:33,甲府,5-1,熊本,小瀬,8556,スカパー！（パーフェクト　チョイス）／ｅ２（スカチャン！）（録）,11336
565,2008,Ｊ２,第３３節第１日,08/30(土),19:03,湘南,4-0,草津,平塚,4564,スカパー！（パーフェクト　チョイス）／ｅ２（スカチャン！）,11335
566,2008,Ｊ２,第３３節第１日,08/30(土),19:03,福岡,2-2,鳥栖,レベスタ,15158,スカパー！（パーフェクト　チョイス）／ｅ２（スカチャン！）（録）,11339
567,2008,サテライトリーグ Ａグループ,第１０日,08/31(日),15:01,湘南,4-0,千葉,平塚,842,,
568,2008,サテライトリーグ Ｄグループ,第１１日,08/31(日),14:00,甲府,1-4,名古屋,富士北麓,1173,,
569,2008,サテライトリーグ Ｅグループ,第１３日,08/31(日),16:02,Ｃ大阪,3-1,Ｇ大阪,南津守,650,,
570,2008,ＹＮＣ 決勝トーナメント,準決勝　第１戦,09/03(水),19:00,清水,1-1,Ｇ大阪,日本平,8013,スカパースカチャン／ｅ２スカチャンＨＶ／フジテレビ７３９【＋ＣＳＨＤ】（録）,10790
571,2008,ＹＮＣ 決勝トーナメント,準決勝　第１戦,09/03(水),19:00,名古屋,1-1,大分,瑞穂陸,7792,フジテレビ７２１／フジテレビ７３９【＋ＣＳＨＤ】（録）／スカパースカチャン（録）／ｅ２スカチャン録,10791
572,2008,Ｊ２,第３４節第１日,09/05(金),19:04,愛媛,2-2,湘南,ニンスタ,3169,スカパースカチャン／ｅ２スカチャン,11340
573,2008,ＹＮＣ 決勝トーナメント,準決勝　第２戦,09/07(日),18:00,大分,1-0,名古屋,九石ド,20371,スカパースカチャン／ｅ２スカチャンＨＶ／フジテレビ７３９【＋ＣＳＨＤ】（録）,10793
574,2008,ＹＮＣ 決勝トーナメント,準決勝　第２戦,09/07(日),19:00,Ｇ大阪,2-3,清水,万博,9103,スカパースカチャン／ｅ２スカチャン／フジテレビ７３９【＋ＣＳＨＤ】（録）,10792
575,2008,Ｊ２,第３４節第２日,09/07(日),18:03,鳥栖,1-1,甲府,ベアスタ,5409,スカパースカチャン／ｅ２スカチャン（録）,11345
576,2008,Ｊ２,第３４節第２日,09/07(日),18:03,熊本,0-2,水戸,熊本,3950,スカパースカチャン／ｅ２スカチャン（録）,11346
577,2008,Ｊ２,第３４節第２日,09/07(日),18:04,草津,0-0,山形,正田スタ,4424,スカパースカチャン／ｅ２スカチャン（録）／群馬テレビ（録）,11342
578,2008,Ｊ２,第３４節第２日,09/07(日),18:04,広島,7-1,岐阜,広島ビ,8843,スカパースカチャン／ｅ２スカチャン,11343
579,2008,Ｊ２,第３４節第２日,09/07(日),18:05,徳島,1-2,横浜FC,鳴門大塚,4026,スカパースカチャン／ｅ２スカチャン（録）,11344
580,2008,Ｊ２,第３４節第２日,09/07(日),19:04,仙台,3-0,福岡,ユアスタ,10423,スカパースカチャン／ｅ２スカチャン,11341
581,2008,サテライトリーグ Ａグループ,第１１日,09/07(日),14:00,札幌,3-2,湘南,帯広,1919,,
582,2008,サテライトリーグ Ｆグループ,第１０日,09/08(月),15:03,大分,1-0,広島,大分スＤ,63,,
583,2008,Ｊ１,第２４節第１日,09/13(土),14:04,浦和,0-0,大分,埼玉,45831,スカパースカチャン／ｅ２スカチャンＨＤ／ＢＳ,11011
584,2008,Ｊ１,第２４節第１日,09/13(土),15:03,清水,3-1,札幌,日本平,15395,スカパースカチャン／ｅ２スカチャン,11014
585,2008,Ｊ１,第２４節第１日,09/13(土),16:05,横浜FM,1-1,神戸,日産ス,17107,スカパー！・ｅ２（ＴＢＳチャンネル）／ＢＳ－ｉ,11013
586,2008,Ｊ１,第２４節第１日,09/13(土),18:00,Ｆ東京,3-1,大宮,味スタ,20398,スカパー！・ｅ２（Ｊ　ｓｐｏｒｔｓ　Ｐｌｕｓ）,11012
587,2008,Ｊ１,第２４節第１日,09/13(土),18:04,鹿島,1-1,川崎Ｆ,カシマ,22292,スカパースカチャン／ｅ２スカチャン,11010
588,2008,Ｊ１,第２４節第１日,09/13(土),19:03,Ｇ大阪,0-1,名古屋,万博,19627,スカパースカチャン／ｅ２スカチャンＨＤ／毎日放送（録）,11016
589,2008,Ｊ１,第２４節第１日,09/13(土),19:04,京都,2-0,磐田,西京極,13738,スカパースカチャン／ｅ２スカチャン／ＫＢＳ京都,11015
590,2008,Ｊ２,第３５節第１日,09/13(土),18:03,熊本,0-4,仙台,熊本,3106,スカパースカチャン／ｅ２スカチャン,11348
591,2008,Ｊ２,第３５節第１日,09/13(土),19:04,福岡,3-1,徳島,レベスタ,8831,スカパースカチャン／ｅ２スカチャン（録）,11347
592,2008,Ｊ１,第２４節第２日,09/14(日),16:03,新潟,2-1,柏,東北電ス,36770,スカパースカチャン／ｅ２スカチャン,11018
593,2008,Ｊ１,第２４節第２日,09/14(日),19:00,千葉,2-0,東京Ｖ,フクアリ,15353,スカパー！・ｅ２（Ｊ　ｓｐｏｒｔｓ　Ｐｌｕｓ）,11017
594,2008,Ｊ２,第３５節第２日,09/14(日),13:04,水戸,1-1,鳥栖,笠松,2871,スカパースカチャン／ｅ２スカチャン,11350
595,2008,Ｊ２,第３５節第２日,09/14(日),16:04,山形,0-4,広島,ＮＤスタ,14392,スカパースカチャン／ｅ２スカチャン,11349
596,2008,Ｊ２,第３５節第２日,09/14(日),18:33,甲府,2-2,草津,小瀬,12538,スカパースカチャン／ｅ２スカチャン,11352
597,2008,Ｊ２,第３５節第２日,09/14(日),19:03,湘南,1-0,横浜FC,平塚,8857,スカパースカチャン／ｅ２スカチャン,11351
598,2008,サテライトリーグ Ｂグループ,第１３日,09/14(日),14:59,大宮,1-1,仙台,ＮＡＣＫ,2974,,
599,2008,サテライトリーグ Ｄグループ,第１２日,09/14(日),14:01,川崎Ｆ,2-1,清水,等々力,3472,,
600,2008,サテライトリーグ Ｅグループ,第１４日,09/14(日),15:01,徳島,1-1,京都,板野,210,,
601,2008,サテライトリーグ Ｆグループ,第１１日,09/14(日),15:00,熊本,1-1,愛媛,大津球,702,,
602,2008,Ｊ２,第３５節第３日,09/15(月・祝),15:04,岐阜,0-6,Ｃ大阪,長良川,4639,スカパースカチャン／ｅ２スカチャン／名古屋テレビ（録）,11353
603,2008,サテライトリーグ Ａグループ,第１２日,09/15(月・祝),15:01,柏,4-0,千葉,柏,1522,,
604,2008,サテライトリーグ Ｂグループ,第１４日,09/15(月・祝),15:00,新潟,5-2,山形,新潟陸,2126,,
605,2008,サテライトリーグ Ｄグループ,第１３日,09/15(月・祝),14:00,名古屋,2-0,甲府,多治見,1723,,
606,2008,Ｊ１,第２５節第１日,09/20(土),13:03,東京Ｖ,0-2,大分,味スタ,8671,スカパースカチャン／ｅ２スカチャンＨＤ／日本テレビ（録）,11020
607,2008,Ｊ１,第２５節第１日,09/20(土),14:06,札幌,2-3,千葉,札幌厚別,9018,スカパースカチャン／ｅ２スカチャン／ＮＨＫ札幌,11019
608,2008,Ｊ１,第２５節第１日,09/20(土),15:04,柏,1-1,鹿島,柏,10669,スカパースカチャン／ｅ２スカチャン／ＢＳ／千葉テレビ（録）,11025
609,2008,Ｊ１,第２５節第１日,09/20(土),15:33,磐田,0-1,横浜FM,エコパ,20037,スカパー！・ｅ２（Ｊ　ｓｐｏｒｔｓ　Ｐｌｕｓ）／静岡朝日テレビ,11022
610,2008,Ｊ１,第２５節第１日,09/20(土),16:03,神戸,0-1,清水,神戸ユ,7839,スカパースカチャン／ｅ２スカチャンＨＤ,11024
611,2008,Ｊ１,第２５節第１日,09/20(土),19:03,川崎Ｆ,0-1,Ｆ東京,等々力,20729,スカパースカチャン／ｅ２スカチャンＨＤ,11021
612,2008,Ｊ１,第２５節第１日,09/20(土),19:03,名古屋,2-0,新潟,瑞穂陸,12095,スカパースカチャン／ｅ２スカチャン／名古屋テレビ（録）,11023
613,2008,Ｊ２,第３６節第１日,09/20(土),13:03,草津,1-1,福岡,正田スタ,2810,スカパースカチャン／ｅ２スカチャン（録）／群馬テレビ（録）,11355
614,2008,Ｊ２,第３６節第１日,09/20(土),14:04,仙台,1-0,岐阜,ユアスタ,11174,スカパースカチャン／ｅ２スカチャン／東日本放送,11354
615,2008,Ｊ２,第３６節第１日,09/20(土),15:04,鳥栖,1-2,熊本,ベアスタ,21029,スカパースカチャン／ｅ２スカチャン（録）,11360
616,2008,Ｊ２,第３６節第１日,09/20(土),16:05,徳島,0-0,湘南,鳴門大塚,2537,スカパースカチャン／ｅ２スカチャン（録）,11358
617,2008,Ｊ２,第３６節第１日,09/20(土),18:04,Ｃ大阪,2-2,山形,長居,20271,スカパースカチャン／ｅ２スカチャン（録）,11357
618,2008,Ｊ２,第３６節第１日,09/20(土),19:03,横浜FC,1-1,広島,ニッパ球,6464,スカパースカチャン／ｅ２スカチャン,11356
619,2008,Ｊ２,第３６節第１日,09/20(土),19:04,愛媛,0-1,甲府,ニンスタ,4052,スカパースカチャン／ｅ２スカチャン（録）,11359
620,2008,Ｊ１,第２５節第２日,09/21(日),18:00,大宮,0-1,浦和,ＮＡＣＫ,11530,スカパースカチャン／ｅ２スカチャンＨＤ,11026
621,2008,Ｊ１,第２５節第２日,09/21(日),18:04,京都,1-2,Ｇ大阪,西京極,14961,スカパー！・ｅ２（ＴＢＳチャンネル）／ＫＢＳ京都／ＢＳ－ｉ,11027
622,2008,Ｊ１,第２６節第１日,09/23(火・祝),13:05,大分,3-2,札幌,鴨池,9376,スカパースカチャン／ｅ２スカチャンＨＤ,11033
623,2008,Ｊ１,第２６節第１日,09/23(火・祝),14:03,横浜FM,1-1,川崎Ｆ,国立,21096,スカパースカチャン／ｅ２スカチャン／ＮＨＫ総合,11030
624,2008,Ｊ１,第２６節第１日,09/23(火・祝),14:03,清水,1-0,東京Ｖ,日本平,15206,スカパースカチャン／ｅ２スカチャン／ＮＨＫ静岡,11032
625,2008,Ｊ１,第２６節第１日,09/23(火・祝),14:05,新潟,3-2,神戸,東北電ス,32208,スカパースカチャン／ｅ２スカチャン／新潟総合テレビ,11031
626,2008,Ｊ１,第２６節第１日,09/23(火・祝),16:04,Ｆ東京,5-1,磐田,味スタ,23036,スカパースカチャン／ｅ２スカチャンＨＤ,11029
627,2008,Ｊ１,第２６節第１日,09/23(火・祝),19:04,千葉,2-1,名古屋,フクアリ,15266,スカパースカチャン／ｅ２スカチャン／ＢＳ,11028
628,2008,Ｊ２,第３７節第１日,09/23(火・祝),13:06,水戸,2-0,徳島,日立市,2045,スカパースカチャン／ｅ２スカチャン（録）,11362
629,2008,Ｊ２,第３７節第１日,09/23(火・祝),16:03,熊本,1-0,横浜FC,熊本,15588,スカパースカチャン／ｅ２スカチャン（録）,11367
630,2008,Ｊ２,第３７節第１日,09/23(火・祝),16:04,山形,0-1,鳥栖,ＮＤスタ,6838,スカパースカチャン／ｅ２スカチャン（録）,11361
631,2008,Ｊ２,第３７節第１日,09/23(火・祝),17:04,湘南,1-2,仙台,平塚,11660,スカパースカチャン／ｅ２スカチャン,11363
632,2008,Ｊ２,第３７節第１日,09/23(火・祝),18:04,広島,4-1,愛媛,広島ビ,19349,スカパースカチャン／ｅ２スカチャン,11365
633,2008,Ｊ２,第３７節第１日,09/23(火・祝),18:33,甲府,4-0,岐阜,小瀬,10821,スカパースカチャン／ｅ２スカチャン（録）,11364
634,2008,Ｊ２,第３７節第１日,09/23(火・祝),19:04,福岡,3-2,Ｃ大阪,レベスタ,9570,スカパースカチャン／ｅ２スカチャン（録）,11366
635,2008,Ｊ１,第２７節第１日,09/27(土),14:03,横浜FM,1-0,大分,日産ス,18062,スカパースカチャン／ｅ２スカチャンＨＤ,11039
636,2008,Ｊ１,第２７節第１日,09/27(土),14:05,大宮,0-2,神戸,ＮＡＣＫ,7028,スカパー！・ｅ２（ＴＢＳチャンネル）／テレ玉（録）／ＢＳ－ｉ,11037
637,2008,Ｊ１,第２７節第１日,09/27(土),19:03,京都,0-1,千葉,西京極,13939,スカパー！・ｅ２（Ｊ　ｓｐｏｒｔｓ　Ｐｌｕｓ）／ＫＢＳ京都,11040
638,2008,Ｊ１,第２７節第１日,09/27(土),19:05,柏,2-5,川崎Ｆ,国立,24139,スカパースカチャン／ｅ２スカチャンＨＤ／ＢＳ／千葉テレビ,11038
639,2008,Ｊ２,第３８節第１日,09/27(土),13:03,岐阜,1-1,福岡,長良川,2418,スカパースカチャン／ｅ２スカチャン,11369
640,2008,Ｊ２,第３８節第１日,09/27(土),16:06,徳島,5-0,愛媛,鳴門大塚,11897,スカパースカチャン／ｅ２スカチャン,11370
641,2008,Ｊ２,第３８節第１日,09/27(土),19:03,湘南,1-0,甲府,平塚,8041,スカパースカチャン／ｅ２スカチャン,11368
642,2008,Ｊ１,第２７節第２日,09/28(日),14:05,札幌,1-2,Ｆ東京,札幌厚別,8741,スカパースカチャン／ｅ２スカチャン／ＮＨＫ札幌,11041
643,2008,Ｊ１,第２７節第２日,09/28(日),15:05,鹿島,2-0,清水,カシマ,15481,スカパースカチャン／ｅ２スカチャン／ＮＨＫ水戸＊,11044
644,2008,Ｊ１,第２７節第２日,09/28(日),16:03,東京Ｖ,1-3,Ｇ大阪,味スタ,30517,スカパースカチャン／ｅ２スカチャン／日本テレビ（録）,11045
645,2008,Ｊ１,第２７節第２日,09/28(日),16:04,磐田,1-0,新潟,ヤマハ,14241,スカパースカチャン／ｅ２スカチャン／静岡放送（録）,11042
646,2008,Ｊ１,第２７節第２日,09/28(日),19:03,名古屋,1-1,浦和,瑞穂陸,19811,スカパースカチャン／ｅ２スカチャン／名古屋テレビ（録）,11043
647,2008,Ｊ２,第３８節第２日,09/28(日),13:04,仙台,2-3,水戸,ユアスタ,13638,スカパースカチャン／ｅ２スカチャン／ＮＨＫ仙台,11371
648,2008,Ｊ２,第３８節第２日,09/28(日),13:04,草津,0-0,熊本,正田スタ,4423,スカパースカチャン／ｅ２スカチャン（録）／群馬テレビ（録）,11372
649,2008,Ｊ２,第３８節第２日,09/28(日),13:04,Ｃ大阪,2-3,広島,長居,18147,スカパースカチャン／ｅ２スカチャン,11373
650,2008,Ｊ２,第３８節第２日,09/28(日),15:03,鳥栖,3-2,横浜FC,ベアスタ,7424,スカパースカチャン／ｅ２スカチャン（録）,11374
651,2008,サテライトリーグ Ａグループ,第１３日,09/28(日),14:00,横浜FM,3-2,湘南,ＭＭ２１,651,,
652,2008,サテライトリーグ Ｂグループ,第１５日,09/28(日),15:00,山形,1-5,大宮,鶴岡,807,,
653,2008,サテライトリーグ Ｅグループ,第１５日,09/28(日),14:00,徳島,0-1,神戸,板野,158,,
654,2008,サテライトリーグ Ｆグループ,第１２日,09/28(日),14:00,愛媛,4-1,大分,ニンスタ,283,,
655,2008,サテライトリーグ Ｆグループ,第１３日,09/29(月),14:00,熊本,2-2,鳥栖,大津球,123,,
656,2008,Ｊ１,第２６節第２日,10/01(水),19:01,浦和,2-2,京都,駒場,16225,スカパースカチャン／ｅ２スカチャンＨＤ／テレ玉,11035
657,2008,Ｊ１,第２６節第２日,10/01(水),19:03,Ｇ大阪,2-1,柏,万博,10039,スカパースカチャン／ｅ２スカチャン,11036
658,2008,Ｊ１,第２６節第２日,10/01(水),19:05,鹿島,2-0,大宮,カシマ,6725,スカパー・ｅ２（ＴＢＳチャンネル）／ＢＳ－ｉ,11034
659,2008,Ｊ１,第２８節第１日,10/04(土),15:00,川崎Ｆ,3-0,大分,等々力,20455,スカパー・ｅ２（Ｊ　ｓｐｏｒｔｓ　Ｐｌｕｓ）,11048
660,2008,Ｊ１,第２８節第１日,10/04(土),15:03,Ｇ大阪,0-0,鹿島,万博,19386,スカパー（スカチャンＨＤ、スカチャン）／ｅ２スカチャンＨＤ,11050
661,2008,Ｊ１,第２８節第１日,10/04(土),15:04,Ｆ東京,1-5,清水,味スタ,30410,スカパー（スカチャンＨＤ、スカチャン）／ｅ２スカチャン／ＢＳ※,11047
662,2008,Ｊ１,第２８節第１日,10/04(土),15:04,新潟,0-0,横浜FM,東北電ス,34025,スカパー・ｅ２（ＴＢＳチャンネル）／テレビ新潟／ＢＳ－ｉ,11049
663,2008,Ｊ１,第２８節第１日,10/04(土),18:03,神戸,4-1,京都,ホムスタ,18009,スカパー（スカチャンＨＤ、スカチャン）／ｅ２スカチャン,11051
664,2008,Ｊ１,第２８節第１日,10/04(土),18:04,大宮,0-4,柏,ＮＡＣＫ,9079,スカパー（スカチャンＨＤ、スカチャン）／ｅ２スカチャンＨＤ／テレ玉,11046
665,2008,Ｊ２,第３９節第１日,10/04(土),14:04,広島,2-0,湘南,広島ビ,12553,スカパースカチャン／ｅ２スカチャン／ＮＨＫ広島,11376
666,2008,Ｊ２,第３９節第１日,10/04(土),18:33,甲府,1-1,仙台,小瀬,12132,スカパースカチャン／ｅ２スカチャン,11375
667,2008,Ｊ１,第２８節第２日,10/05(日),14:04,磐田,5-0,札幌,ヤマハ,10984,スカパー（スカチャンＨＤ、スカチャン）／ｅ２スカチャン／静岡放送,11053
668,2008,Ｊ１,第２８節第２日,10/05(日),14:05,千葉,3-2,浦和,フクアリ,16718,スカパー・ｅ２（ＴＢＳチャンネル）／ＴＢＳ（単）,11052
669,2008,Ｊ１,第２８節第２日,10/05(日),16:03,名古屋,1-1,東京Ｖ,瑞穂陸,14481,スカパー・ｅ２（Ｊ　ｓｐｏｒｔｓ　Ｐｌｕｓ）／ＮＨＫ名古屋,11054
670,2008,Ｊ２,第３９節第２日,10/05(日),13:03,熊本,2-2,徳島,熊本,3774,スカパースカチャン／ｅ２スカチャン,11381
671,2008,Ｊ２,第３９節第２日,10/05(日),13:04,山形,1-0,福岡,ＮＤスタ,6169,スカパースカチャン／ｅ２スカチャン,11377
672,2008,Ｊ２,第３９節第２日,10/05(日),13:04,水戸,1-4,岐阜,笠松,2517,スカパースカチャン／ｅ２スカチャン（録）,11378
673,2008,Ｊ２,第３９節第２日,10/05(日),14:04,愛媛,1-0,草津,ニンスタ,3372,スカパースカチャン／ｅ２スカチャン（録）,11380
674,2008,Ｊ２,第３９節第２日,10/05(日),16:04,横浜FC,2-2,Ｃ大阪,国立,20359,スカパースカチャン／ｅ２スカチャン,11379
675,2008,サテライトリーグ Ａグループ,第１４日,10/05(日),13:01,湘南,1-0,柏,馬入,450,,
676,2008,サテライトリーグ Ｂグループ,第１６日,10/05(日),14:01,新潟,1-1,仙台,新潟陸,1965,,
677,2008,サテライトリーグ Ｄグループ,第１４日,10/05(日),14:02,川崎Ｆ,3-1,甲府,等々力,2763,,
678,2008,サテライトリーグ Ｅグループ,第１６日,10/06(月),14:00,神戸,2-1,Ｃ大阪,いぶき,120,,
679,2008,サテライトリーグ Ｆグループ,第１４日,10/06(月),14:02,鳥栖,6-1,大分,小郡,300,,
680,2008,サテライトリーグ Ｆグループ,第１４日,10/06(月),15:00,愛媛,4-1,熊本,北条陸,180,,
681,2008,サテライトリーグ Ｃグループ,第１１日,10/09(木),18:01,Ｆ東京,1-1,鹿島,夢の島,929,,
682,2008,サテライトリーグ Ｄグループ,第１５日,10/12(日),13:01,川崎Ｆ,1-1,名古屋,等々力,3791,,
683,2008,サテライトリーグ Ａグループ,第１５日,10/13(月・祝),14:00,札幌,2-2,千葉,宮の沢,1647,,
684,2008,サテライトリーグ Ｂグループ,第１７日,10/13(月・祝),14:00,山形,0-2,東京Ｖ,山形市,1254,,
685,2008,サテライトリーグ Ｃグループ,第１２日,10/13(月・祝),13:00,水戸,1-1,草津,笠松補,400,,
686,2008,サテライトリーグ Ｄグループ,第１６日,10/13(月・祝),13:30,甲府,3-1,清水,櫛形陸,1770,,
687,2008,サテライトリーグ Ｆグループ,第１５日,10/13(月・祝),14:00,広島,2-0,大分,福山市,1500,,
688,2008,サテライトリーグ Ｆグループ,第１５日,10/13(月・祝),14:01,愛媛,1-0,鳥栖,宇和島,726,,
689,2008,Ｊ１,第２９節第１日,10/18(土),14:05,大分,1-0,Ｆ東京,九石ド,22184,スカパー（スカチャンＨＤ、スカチャン）／ｅ２スカチャン,11058
690,2008,Ｊ１,第２９節第１日,10/18(土),15:01,浦和,0-1,神戸,埼玉,47325,スカパー（スカチャンＨＤ、スカチャン）／ｅ２スカチャンＨＤ／テレ玉（録）,11060
691,2008,Ｊ１,第２９節第１日,10/18(土),15:04,鹿島,2-1,京都,カシマ,20580,スカパー・ｅ２（ＴＢＳチャンネル）／ＢＳ－ｉ,11059
692,2008,Ｊ１,第２９節第１日,10/18(土),15:04,東京Ｖ,1-0,大宮,味スタ,10065,スカパースカチャン／ｅ２スカチャン／日本テレビ（録）,11056
693,2008,Ｊ１,第２９節第１日,10/18(土),15:04,清水,2-0,川崎Ｆ,日本平,18716,スカパースカチャン／ｅ２スカチャン／テレビ静岡,11057
694,2008,Ｊ１,第２９節第１日,10/18(土),16:03,千葉,0-0,新潟,フクアリ,16407,スカパー（スカチャンＨＤ、スカチャン）／ｅ２スカチャン,11055
695,2008,Ｊ１,第２９節第１日,10/18(土),16:04,Ｇ大阪,2-1,磐田,万博,16733,スカパースカチャン／ｅ２スカチャン／ＢＳ（録）,11061
696,2008,Ｊ２,第４０節第１日,10/18(土),14:04,徳島,0-2,甲府,鳴門大塚,3790,スカパースカチャン／ｅ２スカチャン（録）,11383
697,2008,Ｊ２,第４０節第１日,10/18(土),19:03,湘南,0-1,熊本,平塚,7235,スカパースカチャン／ｅ２スカチャン,11382
698,2008,Ｊ１,第２９節第２日,10/19(日),13:03,札幌,0-2,柏,札幌厚別,8343,スカパー（スカチャンＨＤ、スカチャン）／ｅ２スカチャンＨＤ,11062
699,2008,Ｊ１,第２９節第２日,10/19(日),16:03,横浜FM,0-0,名古屋,日産ス,26229,スカパー（スカチャンＨＤ、スカチャン）／ｅ２スカチャンＨＤ,11063
700,2008,Ｊ２,第４０節第２日,10/19(日),13:03,岐阜,1-2,山形,長良川,3692,スカパースカチャン／ｅ２スカチャン,11386
701,2008,Ｊ２,第４０節第２日,10/19(日),13:04,仙台,1-0,愛媛,ユアスタ,13118,スカパースカチャン／ｅ２スカチャン／仙台放送,11384
702,2008,Ｊ２,第４０節第２日,10/19(日),13:04,草津,0-1,水戸,正田スタ,7203,スカパースカチャン／ｅ２スカチャン（録）／群馬テレビ（録）,11385
703,2008,Ｊ２,第４０節第２日,10/19(日),13:04,福岡,0-0,横浜FC,レベスタ,14541,スカパースカチャン／ｅ２スカチャン,11387
704,2008,Ｊ２,第４０節第２日,10/19(日),16:04,鳥栖,1-4,Ｃ大阪,佐賀,8653,スカパースカチャン／ｅ２スカチャン／ＮＨＫ佐賀,11388
705,2008,サテライトリーグ Ｄグループ,第１７日,10/19(日),13:00,甲府,2-1,川崎Ｆ,富士北麓,1182,,
706,2008,サテライトリーグ Ｄグループ,第１７日,10/19(日),14:00,清水,2-1,磐田,三保Ｇ,1030,,
707,2008,サテライトリーグ Ｅグループ,第１７日,10/19(日),13:00,京都,2-1,徳島,亀岡,463,,
708,2008,サテライトリーグ Ａグループ,第１６日,10/22(水),14:00,千葉,0-2,横浜FM,エアロビ,159,,
709,2008,Ｊ１,第３０節第１日,10/25(土),15:03,名古屋,0-0,磐田,豊田ス,30192,スカパー・ｅ２（Ｊ　ｓｐｏｒｔｓ　Ｐｌｕｓ）／ＮＨＫ名古屋,11065
710,2008,Ｊ１,第３０節第１日,10/25(土),15:03,神戸,1-0,大分,ホムスタ,13733,スカパー（スカチャンＨＤ、スカチャン）／ｅ２スカチャンＨＤ,11067
711,2008,Ｊ１,第３０節第１日,10/25(土),15:04,柏,1-3,横浜FM,柏,10755,スカパー（スカチャンＨＤ、スカチャン）／ｅ２スカチャン／千葉テレビ（録）,11064
712,2008,Ｊ１,第３０節第１日,10/25(土),15:04,京都,0-0,東京Ｖ,西京極,11888,スカパー・ｅ２（ＴＢＳチャンネル）／ＢＳ－ｉ／ＫＢＳ京都（録）,11066
713,2008,Ｊ２,第４１節第１日,10/25(土),13:03,草津,1-0,徳島,熊谷陸,3804,スカパースカチャン／ｅ２スカチャン（録）／群馬テレビ（録）,11389
714,2008,Ｊ２,第４１節第１日,10/25(土),14:03,横浜FC,2-2,愛媛,ニッパ球,3739,スカパースカチャン／ｅ２スカチャン（録）,11390
715,2008,Ｊ２,第４１節第１日,10/25(土),14:04,広島,5-1,鳥栖,広島ビ,12384,スカパースカチャン／ｅ２スカチャン／中国放送,11391
716,2008,Ｊ１,第３０節第２日,10/26(日),13:04,清水,3-1,Ｇ大阪,日本平,19082,スカパー（スカチャンＨＤ、スカチャン）／ｅ２スカチャンＨＤ／静岡放送,11072
717,2008,Ｊ１,第３０節第２日,10/26(日),14:04,新潟,0-1,浦和,東北電ス,40359,スカパー（スカチャンＨＤ、スカチャン）／ｅ２スカチャン／ＢＳ,11071
718,2008,Ｊ１,第３０節第２日,10/26(日),14:05,Ｆ東京,3-2,鹿島,味スタ,33596,スカパー・ｅ２（ＴＢＳチャンネル）／ＴＢＳ（単）,11069
719,2008,Ｊ１,第３０節第２日,10/26(日),16:00,大宮,2-1,千葉,ＮＡＣＫ,12175,スカパー・ｅ２（Ｊ　ｓｐｏｒｓｔ　Ｐｌｕｓ）／テレ玉（録）,11068
720,2008,Ｊ１,第３０節第２日,10/26(日),16:03,川崎Ｆ,3-1,札幌,等々力,16145,スカパー（スカチャンＨＤ、スカチャン）／ｅ２スカチャンＨＤ,11070
721,2008,Ｊ２,第４１節第２日,10/26(日),13:03,熊本,1-1,岐阜,水前寺,3540,スカパースカチャン／ｅ２スカチャン（録）,11395
722,2008,Ｊ２,第４１節第２日,10/26(日),13:04,山形,1-0,湘南,ＮＤスタ,11345,スカパースカチャン／ｅ２スカチャン,11392
723,2008,Ｊ２,第４１節第２日,10/26(日),13:04,水戸,0-0,福岡,笠松,2813,スカパースカチャン／ｅ２スカチャン（録）,11393
724,2008,Ｊ２,第４１節第２日,10/26(日),13:04,Ｃ大阪,3-4,仙台,長居,20448,スカパースカチャン／ｅ２スカチャン,11394
725,2008,サテライトリーグ Ａグループ,第１７日,10/26(日),14:00,横浜FM,2-1,柏,ＭＭ２１,669,,
726,2008,サテライトリーグ Ｄグループ,第１８日,10/26(日),14:00,名古屋,0-2,磐田,トヨタＳ,500,,
727,2008,サテライトリーグ Ｆグループ,第１６日,10/26(日),14:01,鳥栖,1-3,広島,鳥栖北部,500,,
728,2008,サテライトリーグ Ｃグループ,第１３日,10/29(水),18:00,鹿島,2-0,草津,カシマ,290,,
729,2008,サテライトリーグ Ｃグループ,第１４日,10/30(木),13:00,水戸,5-0,Ｆ東京,水戸サ,200,,
730,2008,ＹＮＣ 決勝トーナメント,決勝,11/01(土),13:39,大分,2-0,清水,国立,44723,フジテレビ系列にて全国生中継／フジテレビ７３９／ＢＳフジ／スカイパーフェクＴＶ！（録）,10794
731,2008,Ｊ１,第３１節第１日,11/08(土),13:03,横浜FM,1-3,京都,日産ス,18823,スカパー（スカチャンＨＤ、スカチャン）／ｅ２スカチャン,11075
732,2008,Ｊ１,第３１節第１日,11/08(土),14:01,Ｇ大阪,1-3,Ｆ東京,万博,13515,スカパー・ｅ２（Ｊ　ｓｐｏｒｔｓ　Ｐｌｕｓ）,11078
733,2008,Ｊ１,第３１節第１日,11/08(土),14:04,札幌,1-2,浦和,札幌ド,28901,スカパー（スカチャンＨＤ、スカチャン）／ｅ２スカチャンＨＤ／ＢＳ,11077
734,2008,Ｊ１,第３１節第１日,11/08(土),14:04,大宮,2-1,川崎Ｆ,ＮＡＣＫ,9356,スカパー・ｅ２（ＴＢＳチャンネル）／ＢＳ－ｉ,11073
735,2008,Ｊ１,第３１節第１日,11/08(土),14:05,柏,2-1,名古屋,柏,10519,スカパー（スカチャンＨＤ、スカチャン）／ｅ２スカチャン／ＮＨＫ総合,11074
736,2008,Ｊ１,第３１節第１日,11/08(土),16:04,磐田,1-0,清水,エコパ,24887,スカパー（スカチャンＨＤ、スカチャン）／ｅ２スカチャン／静岡放送（録）,11076
737,2008,Ｊ２,第４２節第１日,11/08(土),13:04,愛媛,0-1,熊本,ニンスタ,2485,スカパースカチャン／ｅ２スカチャン（録）,11398
738,2008,Ｊ２,第４２節第１日,11/08(土),14:03,湘南,1-0,水戸,平塚,5195,スカパースカチャン／ｅ２スカチャン,11396
739,2008,Ｊ２,第４２節第１日,11/08(土),17:03,甲府,2-3,Ｃ大阪,小瀬,9535,スカパースカチャン／ｅ２スカチャン／ＮＨＫ甲府＊／ＮＨＫ甲府（録）,11397
740,2008,Ｊ１,第３１節第２日,11/09(日),16:03,東京Ｖ,0-2,神戸,味スタ,8626,スカパー（スカチャンＨＤ、スカチャン）／ｅ２スカチャン／日本テレビ（録）,11080
741,2008,Ｊ１,第３１節第２日,11/09(日),16:04,鹿島,0-0,新潟,カシマ,21500,スカパー（スカチャンＨＤ、スカチャン）／ｅ２スカチャンＨＤ,11079
742,2008,Ｊ１,第３１節第２日,11/09(日),16:05,大分,0-0,千葉,九石ド,23517,スカパー（スカチャンＨＤ、スカチャン）／ｅ２スカチャン,11081
743,2008,Ｊ２,第４２節第２日,11/09(日),13:03,鳥栖,3-2,草津,ベアスタ,6151,スカパースカチャン／ｅ２スカチャン,11402
744,2008,Ｊ２,第４２節第２日,11/09(日),13:04,徳島,0-3,山形,鳴門大塚,2942,スカパースカチャン／ｅ２スカチャン,11401
745,2008,Ｊ２,第４２節第２日,11/09(日),13:34,仙台,1-1,広島,宮城ス,23745,スカパースカチャン／ｅ２スカチャン／ミヤギテレビ,11399
746,2008,Ｊ２,第４２節第２日,11/09(日),14:34,岐阜,0-1,横浜FC,長良川,8374,スカパースカチャン／ｅ２スカチャン（録）／岐阜放送,11400
747,2008,サテライトリーグ Ｃグループ,第１５日,11/16(日),14:01,Ｆ東京,1-3,草津,夢の島,626,,
748,2008,サテライトリーグ Ｄグループ,第１９日,11/16(日),13:00,清水,2-5,川崎Ｆ,三保Ｇ,442,,
749,2008,サテライトリーグ Ｅグループ,第１８日,11/19(水),14:02,徳島,1-4,Ｇ大阪,板野,82,,
750,2008,Ｊ２,第４３節第１日,11/22(土),14:03,横浜FC,2-2,仙台,ニッパ球,9102,スカパースカチャン／ｅ２スカチャン,11403
751,2008,Ｊ２,第４３節第１日,11/22(土),14:04,広島,4-3,草津,広島ビ,9194,スカパースカチャン／ｅ２スカチャン／ＮＨＫ広島,11404
752,2008,Ｊ２,第４３節第１日,11/22(土),14:04,徳島,2-0,鳥栖,鳴門大塚,4877,スカパースカチャン／ｅ２スカチャン／ＮＨＫ徳島,11405
753,2008,Ｊ１,第３２節第１日,11/23(日・祝),13:00,神戸,1-1,Ｆ東京,ホムスタ,13010,スカパー・ｅ２（Ｊ　ｓｐｏｒｔｓ　Ｐｌｕｓ）,11090
754,2008,Ｊ１,第３２節第１日,11/23(日・祝),13:01,浦和,1-2,清水,埼玉,54709,スカパー（スカチャンＨＤ、スカチャン）／ｅ２スカチャン／テレ玉,11082
755,2008,Ｊ１,第３２節第１日,11/23(日・祝),13:04,京都,2-3,名古屋,西京極,18355,スカパー（スカチャンＨＤ、スカチャン）／ｅ２スカチャン／ＢＳ（録）／ＫＢＳ京都（録）,11089
756,2008,Ｊ１,第３２節第１日,11/23(日・祝),13:05,川崎Ｆ,4-0,Ｇ大阪,等々力,21714,スカパー・ｅ２（ＴＢＳチャンネル）／ＢＳ－ｉ,11085
757,2008,Ｊ１,第３２節第１日,11/23(日・祝),13:05,大分,0-1,鹿島,九石ド,31744,スカパー（スカチャンＨＤ、スカチャン）／ｅ２スカチャンＨＤ／ＮＨＫ総合／ＮＨＫ大分,11087
758,2008,Ｊ１,第３２節第１日,11/23(日・祝),16:00,新潟,2-2,大宮,東北電ス,35452,スカパー・ｅ２（Ｊ　ｓｐｏｒｔｓ　Ｐｌｕｓ）,11088
759,2008,Ｊ１,第３２節第１日,11/23(日・祝),16:03,千葉,0-3,横浜FM,フクアリ,16833,スカパー（スカチャンＨＤ、スカチャン）／ｅ２スカチャンＨＤ,11083
760,2008,Ｊ１,第３２節第１日,11/23(日・祝),16:03,東京Ｖ,1-1,札幌,味スタ,9201,スカパー（スカチャンＨＤ、スカチャン）／ｅ２スカチャン／日本テレビ（録）,11084
761,2008,Ｊ１,第３２節第１日,11/23(日・祝),16:03,磐田,3-3,柏,ヤマハ,14766,スカパー（スカチャンＨＤ、スカチャン）／ｅ２スカチャン,11086
762,2008,Ｊ２,第４３節第２日,11/23(日・祝),13:04,山形,1-1,熊本,ＮＤスタ,13018,スカパースカチャン／ｅ２スカチャン／ＮＨＫ山形,11406
763,2008,Ｊ２,第４３節第２日,11/23(日・祝),13:04,水戸,1-2,甲府,笠松,4023,スカパースカチャン／ｅ２スカチャン／ＮＨＫ水戸＊,11407
764,2008,Ｊ２,第４３節第２日,11/23(日・祝),15:34,Ｃ大阪,2-1,湘南,長居,21200,スカパースカチャン／ｅ２スカチャン,11408
765,2008,Ｊ２,第４３節第２日,11/23(日・祝),16:03,福岡,2-2,愛媛,レベスタ,13267,スカパースカチャン／ｅ２スカチャン（録）,11409
766,2008,サテライトリーグ Ｂグループ,第１８日,11/24(月・休),14:00,大宮,0-1,山形,ＮＡＣＫ,720,,
767,2008,サテライトリーグ Ｃグループ,第１６日,11/24(月・休),14:01,草津,0-1,Ｆ東京,群馬サ,400,,
768,2008,サテライトリーグ Ｃグループ,第１７日,11/27(木),19:00,浦和,0-1,Ｆ東京,大原,412,,
769,2008,Ｊ１,第３３節第１日,11/29(土),13:03,清水,3-2,千葉,日本平,20079,スカパー・ｅ２（Ｊ　ｓｐｏｒｔｓ　Ｐｌｕｓ）／テレビ静岡,11095
770,2008,Ｊ１,第３３節第１日,11/29(土),14:03,Ｇ大阪,1-0,浦和,万博,19605,スカパー（スカチャンＨＤ、スカチャン）／ｅ２スカチャン,11096
771,2008,Ｊ１,第３３節第１日,11/29(土),14:04,鹿島,1-0,磐田,カシマ,29820,スカパー（スカチャンＨＤ、スカチャン）／ｅ２スカチャンＨＤ／ＮＨＫ総合,11091
772,2008,Ｊ１,第３３節第１日,11/29(土),14:04,川崎Ｆ,4-0,神戸,等々力,17172,スカパー・ｅ２（ＴＢＳチャンネル）／ＢＳ－ｉ,11093
773,2008,Ｊ１,第３３節第１日,11/29(土),14:04,横浜FM,2-0,東京Ｖ,日産ス,31474,スカパースカチャン／ｅ２スカチャン,11094
774,2008,Ｊ１,第３３節第１日,11/29(土),16:04,柏,0-2,大分,柏,10628,スカパー（スカチャンＨＤ、スカチャン）／ｅ２スカチャン／千葉テレビ（録）,11092
775,2008,Ｊ２,第４４節第１日,11/29(土),13:04,水戸,2-3,横浜FC,笠松,5573,スカパースカチャン／ｅ２スカチャン,11410
776,2008,Ｊ２,第４４節第１日,11/29(土),14:03,甲府,0-1,福岡,小瀬,10729,スカパースカチャン／ｅ２スカチャン（録）／ＮＨＫ甲府,11412
777,2008,Ｊ２,第４４節第１日,11/29(土),17:04,草津,0-4,Ｃ大阪,正田スタ,8096,スカパースカチャン／ｅ２スカチャン／群馬テレビ（録）,11411
778,2008,Ｊ１,第３３節第２日,11/30(日),16:03,大宮,1-1,京都,ＮＡＣＫ,11231,スカパー（スカチャンＨＤ、スカチャン）／ｅ２スカチャン／テレ玉,11097
779,2008,Ｊ１,第３３節第２日,11/30(日),16:04,Ｆ東京,1-0,新潟,味スタ,35172,スカパー（スカチャンＨＤ、スカチャン）／ｅ２スカチャン／ＴＯＫＹＯ　ＭＸ,11098
780,2008,Ｊ１,第３３節第２日,11/30(日),16:04,名古屋,3-1,札幌,瑞穂陸,19890,スカパー（スカチャンＨＤ、スカチャン）／ｅ２スカチャン／ＢＳ,11099
781,2008,Ｊ２,第４４節第２日,11/30(日),13:04,愛媛,2-3,山形,ニンスタ,5792,スカパースカチャン／ｅ２スカチャン／ＮＨＫ松山,11414
782,2008,Ｊ２,第４４節第２日,11/30(日),13:04,鳥栖,4-1,仙台,ベアスタ,11816,スカパースカチャン／ｅ２スカチャン／ＮＨＫ佐賀／ＮＨＫ仙台,11415
783,2008,Ｊ２,第４４節第２日,11/30(日),13:06,熊本,1-2,広島,熊本,20635,スカパースカチャン／ｅ２スカチャン／ＮＨＫ熊本,11416
784,2008,Ｊ２,第４４節第２日,11/30(日),14:03,湘南,3-0,岐阜,平塚,6602,スカパースカチャン／ｅ２スカチャン,11413
785,2008,サテライトリーグ Ｅグループ,第１９日,11/30(日),14:01,Ｇ大阪,4-1,徳島,ガンバＧ,400,,
786,2008,Ｊ１,第３４節第１日,12/06(土),14:31,浦和,1-6,横浜FM,埼玉,53583,スカパー（スカチャンＨＤ、スカチャン）／ｅ２スカチャン／テレ玉（録）,11101
787,2008,Ｊ１,第３４節第１日,12/06(土),14:33,札幌,0-1,鹿島,札幌ド,26220,スカパー（スカチャンＨＤ、スカチャン）／ｅ２スカチャンＨＤ／ＮＨＫ総合,11100
788,2008,Ｊ１,第３４節第１日,12/06(土),14:33,東京Ｖ,0-2,川崎Ｆ,味スタ,24620,スカパー・ｅ２（ＴＢＳチャンネル）／ＢＳ－ｉ／日本テレビ（録）,11103
789,2008,Ｊ１,第３４節第１日,12/06(土),14:34,千葉,4-2,Ｆ東京,フクアリ,17152,スカパー・ｅ２（Ｊ　ｓｐｏｒｔｓ　Ｐｌｕｓ）,11102
790,2008,Ｊ１,第３４節第１日,12/06(土),14:34,新潟,3-2,Ｇ大阪,東北電ス,34287,スカパースカチャン／ｅ２スカチャン,11104
791,2008,Ｊ１,第３４節第１日,12/06(土),14:34,磐田,0-1,大宮,ヤマハ,16593,スカパースカチャン／ｅ２スカチャン／静岡放送,11105
792,2008,Ｊ１,第３４節第１日,12/06(土),14:34,京都,1-3,清水,西京極,17331,スカパースカチャン／ｅ２スカチャン／ＫＢＳ京都（録）／ＮＨＫ京都,11106
793,2008,Ｊ１,第３４節第１日,12/06(土),14:34,神戸,0-2,柏,ホムスタ,17511,スカパースカチャン／ｅ２スカチャン／ＮＨＫ神戸,11107
794,2008,Ｊ１,第３４節第１日,12/06(土),14:34,大分,0-0,名古屋,九石ド,28831,スカパー（スカチャンＨＤ、スカチャン）／ｅ２スカチャン／ＢＳ／大分朝日放送,11108
795,2008,Ｊ２,第４５節第１日,12/06(土),12:03,横浜FC,0-0,甲府,ニッパ球,6154,スカパースカチャン／ｅ２スカチャン（録）,11419
796,2008,Ｊ２,第４５節第１日,12/06(土),12:03,福岡,3-1,湘南,レベスタ,9163,スカパースカチャン／ｅ２スカチャン,11423
797,2008,Ｊ２,第４５節第１日,12/06(土),12:04,山形,1-0,水戸,ＮＤスタ,8643,スカパースカチャン／ｅ２スカチャン／山形テレビ,11418
798,2008,Ｊ２,第４５節第１日,12/06(土),12:04,Ｃ大阪,2-1,愛媛,長居,16186,スカパースカチャン／ｅ２スカチャン,11421
799,2008,Ｊ２,第４５節第１日,12/06(土),12:05,岐阜,1-0,鳥栖,長良川,4167,スカパースカチャン／ｅ２スカチャン（録）,11420
800,2008,Ｊ２,第４５節第１日,12/06(土),12:05,広島,3-0,徳島,広島ビ,12943,スカパースカチャン／ｅ２スカチャン,11422
801,2008,Ｊ２,第４５節第１日,12/06(土),12:06,仙台,1-0,草津,ユアスタ,18807,スカパースカチャン／ｅ２スカチャンＨＤ／東北放送,11417
802,2008,Ｊ１・Ｊ２入替,第１戦,12/10(水),19:04,仙台,1-1,磐田,ユアスタ,18974,スカパースカチャン／ｅ２スカチャン／ＢＳ（録）／ＮＨＫ仙台※１９：３０～放送開始,11551
803,2008,Ｊ１・Ｊ２入替,第２戦,12/13(土),16:04,磐田,2-1,仙台,ヤマハ,16693,スカパースカチャン／ｅ２スカチャン／ＢＳ（録）／ＮＨＫ仙台／ＮＨＫ静岡,11552
